policy,run_id,structure,label,loop_start,n_calls,intervention_index,by
exact_dup,ho-F1-1000,F1_slow_drift_offset,flood,1,51,,
exact_dup,ho-F1-1001,F1_slow_drift_offset,flood,1,79,,
exact_dup,ho-F1-1002,F1_slow_drift_offset,flood,1,50,,
exact_dup,ho-F1-1003,F1_slow_drift_offset,flood,1,61,,
exact_dup,ho-F1-1004,F1_slow_drift_offset,flood,1,75,,
exact_dup,ho-F1-1005,F1_slow_drift_offset,flood,1,59,,
exact_dup,ho-F1-1006,F1_slow_drift_offset,flood,1,79,,
exact_dup,ho-F1-1007,F1_slow_drift_offset,flood,1,71,,
exact_dup,ho-F2-1000,F2_slow_drift_timestamp,flood,1,70,,
exact_dup,ho-F2-1001,F2_slow_drift_timestamp,flood,1,53,,
exact_dup,ho-F2-1002,F2_slow_drift_timestamp,flood,1,66,,
exact_dup,ho-F2-1003,F2_slow_drift_timestamp,flood,1,56,,
exact_dup,ho-F2-1004,F2_slow_drift_timestamp,flood,1,57,,
exact_dup,ho-F2-1005,F2_slow_drift_timestamp,flood,1,53,,
exact_dup,ho-F2-1006,F2_slow_drift_timestamp,flood,1,53,,
exact_dup,ho-F2-1007,F2_slow_drift_timestamp,flood,1,68,,
exact_dup,ho-F3-1000,F3_mixed_tool_lcm_cycle,flood,12,144,,
exact_dup,ho-F3-1001,F3_mixed_tool_lcm_cycle,flood,12,144,,
exact_dup,ho-F3-1002,F3_mixed_tool_lcm_cycle,flood,10,144,,
exact_dup,ho-F3-1003,F3_mixed_tool_lcm_cycle,flood,12,144,,
exact_dup,ho-F3-1004,F3_mixed_tool_lcm_cycle,flood,8,72,,
exact_dup,ho-F3-1005,F3_mixed_tool_lcm_cycle,flood,8,72,,
exact_dup,ho-F3-1006,F3_mixed_tool_lcm_cycle,flood,10,144,,
exact_dup,ho-F3-1007,F3_mixed_tool_lcm_cycle,flood,10,144,,
exact_dup,ho-F4-1000,F4_noisy_result_repeat,flood,1,47,,
exact_dup,ho-F4-1001,F4_noisy_result_repeat,flood,1,49,,
exact_dup,ho-F4-1002,F4_noisy_result_repeat,flood,1,37,,
exact_dup,ho-F4-1003,F4_noisy_result_repeat,flood,1,41,,
exact_dup,ho-F4-1004,F4_noisy_result_repeat,flood,1,39,,
exact_dup,ho-F4-1005,F4_noisy_result_repeat,flood,1,38,,
exact_dup,ho-F4-1006,F4_noisy_result_repeat,flood,1,48,,
exact_dup,ho-F4-1007,F4_noisy_result_repeat,flood,1,35,,
exact_dup,ho-F5-1000,F5_low_rate_with_heartbeat,flood,4,104,,
exact_dup,ho-F5-1001,F5_low_rate_with_heartbeat,flood,4,108,,
exact_dup,ho-F5-1002,F5_low_rate_with_heartbeat,flood,4,104,,
exact_dup,ho-F5-1003,F5_low_rate_with_heartbeat,flood,4,108,,
exact_dup,ho-F5-1004,F5_low_rate_with_heartbeat,flood,4,92,,
exact_dup,ho-F5-1005,F5_low_rate_with_heartbeat,flood,4,104,,
exact_dup,ho-F5-1006,F5_low_rate_with_heartbeat,flood,4,104,,
exact_dup,ho-F5-1007,F5_low_rate_with_heartbeat,flood,4,88,,
exact_dup,ho-F6-1000,F6_flood_after_legit_prefix,flood,27,117,,
exact_dup,ho-F6-1001,F6_flood_after_legit_prefix,flood,29,115,,
exact_dup,ho-F6-1002,F6_flood_after_legit_prefix,flood,32,118,,
exact_dup,ho-F6-1003,F6_flood_after_legit_prefix,flood,29,119,,
exact_dup,ho-F6-1004,F6_flood_after_legit_prefix,flood,28,126,,
exact_dup,ho-F6-1005,F6_flood_after_legit_prefix,flood,28,130,,
exact_dup,ho-F6-1006,F6_flood_after_legit_prefix,flood,28,116,,
exact_dup,ho-F6-1007,F6_flood_after_legit_prefix,flood,29,124,,
exact_dup,ho-F7-1000,F7_startdone_rotating_permuted_ids,flood,42,126,43,exact_dup
exact_dup,ho-F7-1001,F7_startdone_rotating_permuted_ids,flood,38,114,39,exact_dup
exact_dup,ho-F7-1002,F7_startdone_rotating_permuted_ids,flood,54,162,55,exact_dup
exact_dup,ho-F7-1003,F7_startdone_rotating_permuted_ids,flood,42,126,43,exact_dup
exact_dup,ho-F7-1004,F7_startdone_rotating_permuted_ids,flood,40,120,41,exact_dup
exact_dup,ho-F7-1005,F7_startdone_rotating_permuted_ids,flood,38,114,39,exact_dup
exact_dup,ho-F7-1006,F7_startdone_rotating_permuted_ids,flood,42,126,43,exact_dup
exact_dup,ho-F7-1007,F7_startdone_rotating_permuted_ids,flood,46,138,47,exact_dup
exact_dup,ho-F8-1000,F8_oscillating_edit_same_failure,flood,5,90,,
exact_dup,ho-F8-1001,F8_oscillating_edit_same_failure,flood,5,60,,
exact_dup,ho-F8-1002,F8_oscillating_edit_same_failure,flood,5,66,,
exact_dup,ho-F8-1003,F8_oscillating_edit_same_failure,flood,5,76,,
exact_dup,ho-F8-1004,F8_oscillating_edit_same_failure,flood,5,80,,
exact_dup,ho-F8-1005,F8_oscillating_edit_same_failure,flood,5,60,,
exact_dup,ho-F8-1006,F8_oscillating_edit_same_failure,flood,5,68,,
exact_dup,ho-F8-1007,F8_oscillating_edit_same_failure,flood,5,88,,
exact_dup,ho-F9-1000,F9_growing_batch_repeat,flood,12,105,,
exact_dup,ho-F9-1001,F9_growing_batch_repeat,flood,10,91,,
exact_dup,ho-F9-1002,F9_growing_batch_repeat,flood,12,105,,
exact_dup,ho-F9-1003,F9_growing_batch_repeat,flood,11,116,,
exact_dup,ho-F9-1004,F9_growing_batch_repeat,flood,8,77,,
exact_dup,ho-F9-1005,F9_growing_batch_repeat,flood,14,119,,
exact_dup,ho-F9-1006,F9_growing_batch_repeat,flood,9,117,,
exact_dup,ho-F9-1007,F9_growing_batch_repeat,flood,9,117,,
exact_dup,ho-L1-1000,L1_poll_long_plateau,legitimate,,23,,
exact_dup,ho-L1-1001,L1_poll_long_plateau,legitimate,,25,,
exact_dup,ho-L1-1002,L1_poll_long_plateau,legitimate,,32,,
exact_dup,ho-L1-1003,L1_poll_long_plateau,legitimate,,30,,
exact_dup,ho-L1-1004,L1_poll_long_plateau,legitimate,,15,,
exact_dup,ho-L1-1005,L1_poll_long_plateau,legitimate,,41,,
exact_dup,ho-L1-1006,L1_poll_long_plateau,legitimate,,25,,
exact_dup,ho-L1-1007,L1_poll_long_plateau,legitimate,,45,,
exact_dup,ho-L1-1008,L1_poll_long_plateau,legitimate,,32,,
exact_dup,ho-L1-1009,L1_poll_long_plateau,legitimate,,37,,
exact_dup,ho-L2-1000,L2_retries_backoff_refresh,legitimate,,8,,
exact_dup,ho-L2-1001,L2_retries_backoff_refresh,legitimate,,6,,
exact_dup,ho-L2-1002,L2_retries_backoff_refresh,legitimate,,9,,
exact_dup,ho-L2-1003,L2_retries_backoff_refresh,legitimate,,9,,
exact_dup,ho-L2-1004,L2_retries_backoff_refresh,legitimate,,10,,
exact_dup,ho-L2-1005,L2_retries_backoff_refresh,legitimate,,10,,
exact_dup,ho-L2-1006,L2_retries_backoff_refresh,legitimate,,8,,
exact_dup,ho-L2-1007,L2_retries_backoff_refresh,legitimate,,7,,
exact_dup,ho-L2-1008,L2_retries_backoff_refresh,legitimate,,10,,
exact_dup,ho-L2-1009,L2_retries_backoff_refresh,legitimate,,7,,
exact_dup,ho-L3-1000,L3_paginated_cursor_quirks,legitimate,,42,,
exact_dup,ho-L3-1001,L3_paginated_cursor_quirks,legitimate,,32,,
exact_dup,ho-L3-1002,L3_paginated_cursor_quirks,legitimate,,28,,
exact_dup,ho-L3-1003,L3_paginated_cursor_quirks,legitimate,,39,,
exact_dup,ho-L3-1004,L3_paginated_cursor_quirks,legitimate,,39,,
exact_dup,ho-L3-1005,L3_paginated_cursor_quirks,legitimate,,32,,
exact_dup,ho-L3-1006,L3_paginated_cursor_quirks,legitimate,,31,,
exact_dup,ho-L3-1007,L3_paginated_cursor_quirks,legitimate,,32,,
exact_dup,ho-L3-1008,L3_paginated_cursor_quirks,legitimate,,33,,
exact_dup,ho-L3-1009,L3_paginated_cursor_quirks,legitimate,,41,,
exact_dup,ho-L4-1000,L4_batch_fanout_repeated_subcalls,legitimate,,30,7,exact_dup
exact_dup,ho-L4-1001,L4_batch_fanout_repeated_subcalls,legitimate,,30,7,exact_dup
exact_dup,ho-L4-1002,L4_batch_fanout_repeated_subcalls,legitimate,,42,7,exact_dup
exact_dup,ho-L4-1003,L4_batch_fanout_repeated_subcalls,legitimate,,30,7,exact_dup
exact_dup,ho-L4-1004,L4_batch_fanout_repeated_subcalls,legitimate,,30,7,exact_dup
exact_dup,ho-L4-1005,L4_batch_fanout_repeated_subcalls,legitimate,,36,7,exact_dup
exact_dup,ho-L4-1006,L4_batch_fanout_repeated_subcalls,legitimate,,42,7,exact_dup
exact_dup,ho-L4-1007,L4_batch_fanout_repeated_subcalls,legitimate,,42,7,exact_dup
exact_dup,ho-L4-1008,L4_batch_fanout_repeated_subcalls,legitimate,,48,7,exact_dup
exact_dup,ho-L4-1009,L4_batch_fanout_repeated_subcalls,legitimate,,42,7,exact_dup
exact_dup,ho-L5-1000,L5_idempotent_reread_after_write,legitimate,,21,,
exact_dup,ho-L5-1001,L5_idempotent_reread_after_write,legitimate,,30,,
exact_dup,ho-L5-1002,L5_idempotent_reread_after_write,legitimate,,33,,
exact_dup,ho-L5-1003,L5_idempotent_reread_after_write,legitimate,,21,,
exact_dup,ho-L5-1004,L5_idempotent_reread_after_write,legitimate,,27,,
exact_dup,ho-L5-1005,L5_idempotent_reread_after_write,legitimate,,24,,
exact_dup,ho-L5-1006,L5_idempotent_reread_after_write,legitimate,,24,,
exact_dup,ho-L5-1007,L5_idempotent_reread_after_write,legitimate,,30,,
exact_dup,ho-L5-1008,L5_idempotent_reread_after_write,legitimate,,39,,
exact_dup,ho-L5-1009,L5_idempotent_reread_after_write,legitimate,,18,,
exact_dup,ho-L6-1000,L6_test_fix_rerun,legitimate,,27,,
exact_dup,ho-L6-1001,L6_test_fix_rerun,legitimate,,36,,
exact_dup,ho-L6-1002,L6_test_fix_rerun,legitimate,,42,,
exact_dup,ho-L6-1003,L6_test_fix_rerun,legitimate,,33,,
exact_dup,ho-L6-1004,L6_test_fix_rerun,legitimate,,45,,
exact_dup,ho-L6-1005,L6_test_fix_rerun,legitimate,,42,,
exact_dup,ho-L6-1006,L6_test_fix_rerun,legitimate,,30,,
exact_dup,ho-L6-1007,L6_test_fix_rerun,legitimate,,33,,
exact_dup,ho-L6-1008,L6_test_fix_rerun,legitimate,,39,,
exact_dup,ho-L6-1009,L6_test_fix_rerun,legitimate,,33,,
exact_dup,ho-L7-1000,L7_noisy_results_unchanged_state,legitimate,,23,,
exact_dup,ho-L7-1001,L7_noisy_results_unchanged_state,legitimate,,9,,
exact_dup,ho-L7-1002,L7_noisy_results_unchanged_state,legitimate,,19,,
exact_dup,ho-L7-1003,L7_noisy_results_unchanged_state,legitimate,,18,,
exact_dup,ho-L7-1004,L7_noisy_results_unchanged_state,legitimate,,14,,
exact_dup,ho-L7-1005,L7_noisy_results_unchanged_state,legitimate,,13,,
exact_dup,ho-L7-1006,L7_noisy_results_unchanged_state,legitimate,,25,,
exact_dup,ho-L7-1007,L7_noisy_results_unchanged_state,legitimate,,19,,
exact_dup,ho-L7-1008,L7_noisy_results_unchanged_state,legitimate,,11,,
exact_dup,ho-L7-1009,L7_noisy_results_unchanged_state,legitimate,,15,,
exact_dup,ho-L8-1000,L8_large_fanout_distinct,legitimate,,97,,
exact_dup,ho-L8-1001,L8_large_fanout_distinct,legitimate,,61,,
exact_dup,ho-L8-1002,L8_large_fanout_distinct,legitimate,,99,,
exact_dup,ho-L8-1003,L8_large_fanout_distinct,legitimate,,35,,
exact_dup,ho-L8-1004,L8_large_fanout_distinct,legitimate,,38,,
exact_dup,ho-L8-1005,L8_large_fanout_distinct,legitimate,,52,,
exact_dup,ho-L8-1006,L8_large_fanout_distinct,legitimate,,58,,
exact_dup,ho-L8-1007,L8_large_fanout_distinct,legitimate,,73,,
exact_dup,ho-L8-1008,L8_large_fanout_distinct,legitimate,,61,,
exact_dup,ho-L8-1009,L8_large_fanout_distinct,legitimate,,27,,
exact_dup,ho-L9-1000,L9_tree_crawl,legitimate,,37,,
exact_dup,ho-L9-1001,L9_tree_crawl,legitimate,,28,,
exact_dup,ho-L9-1002,L9_tree_crawl,legitimate,,35,,
exact_dup,ho-L9-1003,L9_tree_crawl,legitimate,,44,,
exact_dup,ho-L9-1004,L9_tree_crawl,legitimate,,44,,
exact_dup,ho-L9-1005,L9_tree_crawl,legitimate,,58,,
exact_dup,ho-L9-1006,L9_tree_crawl,legitimate,,30,,
exact_dup,ho-L9-1007,L9_tree_crawl,legitimate,,30,,
exact_dup,ho-L9-1008,L9_tree_crawl,legitimate,,54,,
exact_dup,ho-L9-1009,L9_tree_crawl,legitimate,,44,,
exact_dup,ho-L10-1000,L10_alternating_two_tool_distinct,legitimate,,54,,
exact_dup,ho-L10-1001,L10_alternating_two_tool_distinct,legitimate,,74,,
exact_dup,ho-L10-1002,L10_alternating_two_tool_distinct,legitimate,,40,,
exact_dup,ho-L10-1003,L10_alternating_two_tool_distinct,legitimate,,88,,
exact_dup,ho-L10-1004,L10_alternating_two_tool_distinct,legitimate,,84,,
exact_dup,ho-L10-1005,L10_alternating_two_tool_distinct,legitimate,,42,,
exact_dup,ho-L10-1006,L10_alternating_two_tool_distinct,legitimate,,42,,
exact_dup,ho-L10-1007,L10_alternating_two_tool_distinct,legitimate,,46,,
exact_dup,ho-L10-1008,L10_alternating_two_tool_distinct,legitimate,,66,,
exact_dup,ho-L10-1009,L10_alternating_two_tool_distinct,legitimate,,74,,
exact_dup,ho-L11-1000,L11_batch_polling_multi_job,legitimate,,60,,
exact_dup,ho-L11-1001,L11_batch_polling_multi_job,legitimate,,36,,
exact_dup,ho-L11-1002,L11_batch_polling_multi_job,legitimate,,40,,
exact_dup,ho-L11-1003,L11_batch_polling_multi_job,legitimate,,48,,
exact_dup,ho-L11-1004,L11_batch_polling_multi_job,legitimate,,40,,
exact_dup,ho-L11-1005,L11_batch_polling_multi_job,legitimate,,54,,
exact_dup,ho-L11-1006,L11_batch_polling_multi_job,legitimate,,40,,
exact_dup,ho-L11-1007,L11_batch_polling_multi_job,legitimate,,60,,
exact_dup,ho-L11-1008,L11_batch_polling_multi_job,legitimate,,48,,
exact_dup,ho-L11-1009,L11_batch_polling_multi_job,legitimate,,60,,
exact_dup,ho-hw-F-lcm3tool,hw_flood_3tool_cycle,flood,3,42,,
exact_dup,ho-hw-F-oscillate,hw_flood_oscillating_edit,flood,5,60,,
exact_dup,ho-hw-F-querycreep,hw_flood_query_creep,flood,1,40,,
exact_dup,ho-hw-F-poll-reread,hw_flood_poll_then_reread,flood,2,40,,
exact_dup,ho-hw-F-sameerror,hw_flood_same_error_retry,flood,1,25,,
exact_dup,ho-hw-F-startdone3,hw_flood_startdone_3ids,flood,6,60,7,exact_dup
exact_dup,ho-hw-L-poll60,hw_legit_poll_plateau60,legitimate,,61,,
exact_dup,ho-hw-L-backoff-capped,hw_legit_backoff_capped_plateau,legitimate,,10,,
exact_dup,ho-hw-L-tokenrefresh,hw_legit_token_refresh_retry,legitimate,,4,,
exact_dup,ho-hw-L-dup-page,hw_legit_pagination_duplicate_page,legitimate,,6,,
exact_dup,ho-hw-L-resample45,hw_legit_repeated_subcalls_fanout,legitimate,,45,4,exact_dup
exact_dup,ho-hw-L-write-read,hw_legit_write_read_verify,legitimate,,4,,
exact_dup,ho-hw-L-testrerun,hw_legit_test_rerun_stagnation,legitimate,,12,,
exact_dup,ho-hw-L-noisypoll,hw_legit_noisy_poll,legitimate,,16,,
exact_dup,ho-hw-L-fanout70,hw_legit_fanout70_distinct,legitimate,,70,,
exact_dup,ho-hw-L-oneretry,hw_legit_single_retry,legitimate,,2,,
exact_dup,ho-hw-L-search-doc,hw_legit_alternating_search_doc,legitimate,,24,,
exact_dup,ho-hw-L-monitor4,hw_legit_monitor_4_services,legitimate,,28,,
adjacent3,ho-F1-1000,F1_slow_drift_offset,flood,1,51,,
adjacent3,ho-F1-1001,F1_slow_drift_offset,flood,1,79,,
adjacent3,ho-F1-1002,F1_slow_drift_offset,flood,1,50,,
adjacent3,ho-F1-1003,F1_slow_drift_offset,flood,1,61,,
adjacent3,ho-F1-1004,F1_slow_drift_offset,flood,1,75,,
adjacent3,ho-F1-1005,F1_slow_drift_offset,flood,1,59,,
adjacent3,ho-F1-1006,F1_slow_drift_offset,flood,1,79,,
adjacent3,ho-F1-1007,F1_slow_drift_offset,flood,1,71,,
adjacent3,ho-F2-1000,F2_slow_drift_timestamp,flood,1,70,,
adjacent3,ho-F2-1001,F2_slow_drift_timestamp,flood,1,53,,
adjacent3,ho-F2-1002,F2_slow_drift_timestamp,flood,1,66,,
adjacent3,ho-F2-1003,F2_slow_drift_timestamp,flood,1,56,,
adjacent3,ho-F2-1004,F2_slow_drift_timestamp,flood,1,57,,
adjacent3,ho-F2-1005,F2_slow_drift_timestamp,flood,1,53,,
adjacent3,ho-F2-1006,F2_slow_drift_timestamp,flood,1,53,,
adjacent3,ho-F2-1007,F2_slow_drift_timestamp,flood,1,68,,
adjacent3,ho-F3-1000,F3_mixed_tool_lcm_cycle,flood,12,144,,
adjacent3,ho-F3-1001,F3_mixed_tool_lcm_cycle,flood,12,144,,
adjacent3,ho-F3-1002,F3_mixed_tool_lcm_cycle,flood,10,144,,
adjacent3,ho-F3-1003,F3_mixed_tool_lcm_cycle,flood,12,144,,
adjacent3,ho-F3-1004,F3_mixed_tool_lcm_cycle,flood,8,72,,
adjacent3,ho-F3-1005,F3_mixed_tool_lcm_cycle,flood,8,72,,
adjacent3,ho-F3-1006,F3_mixed_tool_lcm_cycle,flood,10,144,,
adjacent3,ho-F3-1007,F3_mixed_tool_lcm_cycle,flood,10,144,,
adjacent3,ho-F4-1000,F4_noisy_result_repeat,flood,1,47,2,adjacent
adjacent3,ho-F4-1001,F4_noisy_result_repeat,flood,1,49,2,adjacent
adjacent3,ho-F4-1002,F4_noisy_result_repeat,flood,1,37,2,adjacent
adjacent3,ho-F4-1003,F4_noisy_result_repeat,flood,1,41,2,adjacent
adjacent3,ho-F4-1004,F4_noisy_result_repeat,flood,1,39,2,adjacent
adjacent3,ho-F4-1005,F4_noisy_result_repeat,flood,1,38,2,adjacent
adjacent3,ho-F4-1006,F4_noisy_result_repeat,flood,1,48,2,adjacent
adjacent3,ho-F4-1007,F4_noisy_result_repeat,flood,1,35,2,adjacent
adjacent3,ho-F5-1000,F5_low_rate_with_heartbeat,flood,4,104,,
adjacent3,ho-F5-1001,F5_low_rate_with_heartbeat,flood,4,108,,
adjacent3,ho-F5-1002,F5_low_rate_with_heartbeat,flood,4,104,,
adjacent3,ho-F5-1003,F5_low_rate_with_heartbeat,flood,4,108,,
adjacent3,ho-F5-1004,F5_low_rate_with_heartbeat,flood,4,92,,
adjacent3,ho-F5-1005,F5_low_rate_with_heartbeat,flood,4,104,,
adjacent3,ho-F5-1006,F5_low_rate_with_heartbeat,flood,4,104,,
adjacent3,ho-F5-1007,F5_low_rate_with_heartbeat,flood,4,88,,
adjacent3,ho-F6-1000,F6_flood_after_legit_prefix,flood,27,117,,
adjacent3,ho-F6-1001,F6_flood_after_legit_prefix,flood,29,115,,
adjacent3,ho-F6-1002,F6_flood_after_legit_prefix,flood,32,118,,
adjacent3,ho-F6-1003,F6_flood_after_legit_prefix,flood,29,119,,
adjacent3,ho-F6-1004,F6_flood_after_legit_prefix,flood,28,126,,
adjacent3,ho-F6-1005,F6_flood_after_legit_prefix,flood,28,130,,
adjacent3,ho-F6-1006,F6_flood_after_legit_prefix,flood,28,116,,
adjacent3,ho-F6-1007,F6_flood_after_legit_prefix,flood,29,124,,
adjacent3,ho-F7-1000,F7_startdone_rotating_permuted_ids,flood,42,126,,
adjacent3,ho-F7-1001,F7_startdone_rotating_permuted_ids,flood,38,114,,
adjacent3,ho-F7-1002,F7_startdone_rotating_permuted_ids,flood,54,162,,
adjacent3,ho-F7-1003,F7_startdone_rotating_permuted_ids,flood,42,126,,
adjacent3,ho-F7-1004,F7_startdone_rotating_permuted_ids,flood,40,120,,
adjacent3,ho-F7-1005,F7_startdone_rotating_permuted_ids,flood,38,114,,
adjacent3,ho-F7-1006,F7_startdone_rotating_permuted_ids,flood,42,126,,
adjacent3,ho-F7-1007,F7_startdone_rotating_permuted_ids,flood,46,138,,
adjacent3,ho-F8-1000,F8_oscillating_edit_same_failure,flood,5,90,,
adjacent3,ho-F8-1001,F8_oscillating_edit_same_failure,flood,5,60,,
adjacent3,ho-F8-1002,F8_oscillating_edit_same_failure,flood,5,66,,
adjacent3,ho-F8-1003,F8_oscillating_edit_same_failure,flood,5,76,,
adjacent3,ho-F8-1004,F8_oscillating_edit_same_failure,flood,5,80,,
adjacent3,ho-F8-1005,F8_oscillating_edit_same_failure,flood,5,60,,
adjacent3,ho-F8-1006,F8_oscillating_edit_same_failure,flood,5,68,,
adjacent3,ho-F8-1007,F8_oscillating_edit_same_failure,flood,5,88,,
adjacent3,ho-F9-1000,F9_growing_batch_repeat,flood,12,105,,
adjacent3,ho-F9-1001,F9_growing_batch_repeat,flood,10,91,,
adjacent3,ho-F9-1002,F9_growing_batch_repeat,flood,12,105,,
adjacent3,ho-F9-1003,F9_growing_batch_repeat,flood,11,116,,
adjacent3,ho-F9-1004,F9_growing_batch_repeat,flood,8,77,,
adjacent3,ho-F9-1005,F9_growing_batch_repeat,flood,14,119,,
adjacent3,ho-F9-1006,F9_growing_batch_repeat,flood,9,117,,
adjacent3,ho-F9-1007,F9_growing_batch_repeat,flood,9,117,,
adjacent3,ho-L1-1000,L1_poll_long_plateau,legitimate,,23,2,adjacent
adjacent3,ho-L1-1001,L1_poll_long_plateau,legitimate,,25,2,adjacent
adjacent3,ho-L1-1002,L1_poll_long_plateau,legitimate,,32,2,adjacent
adjacent3,ho-L1-1003,L1_poll_long_plateau,legitimate,,30,2,adjacent
adjacent3,ho-L1-1004,L1_poll_long_plateau,legitimate,,15,2,adjacent
adjacent3,ho-L1-1005,L1_poll_long_plateau,legitimate,,41,2,adjacent
adjacent3,ho-L1-1006,L1_poll_long_plateau,legitimate,,25,2,adjacent
adjacent3,ho-L1-1007,L1_poll_long_plateau,legitimate,,45,2,adjacent
adjacent3,ho-L1-1008,L1_poll_long_plateau,legitimate,,32,2,adjacent
adjacent3,ho-L1-1009,L1_poll_long_plateau,legitimate,,37,2,adjacent
adjacent3,ho-L2-1000,L2_retries_backoff_refresh,legitimate,,8,,
adjacent3,ho-L2-1001,L2_retries_backoff_refresh,legitimate,,6,,
adjacent3,ho-L2-1002,L2_retries_backoff_refresh,legitimate,,9,,
adjacent3,ho-L2-1003,L2_retries_backoff_refresh,legitimate,,9,,
adjacent3,ho-L2-1004,L2_retries_backoff_refresh,legitimate,,10,,
adjacent3,ho-L2-1005,L2_retries_backoff_refresh,legitimate,,10,,
adjacent3,ho-L2-1006,L2_retries_backoff_refresh,legitimate,,8,,
adjacent3,ho-L2-1007,L2_retries_backoff_refresh,legitimate,,7,,
adjacent3,ho-L2-1008,L2_retries_backoff_refresh,legitimate,,10,,
adjacent3,ho-L2-1009,L2_retries_backoff_refresh,legitimate,,7,,
adjacent3,ho-L3-1000,L3_paginated_cursor_quirks,legitimate,,42,,
adjacent3,ho-L3-1001,L3_paginated_cursor_quirks,legitimate,,32,,
adjacent3,ho-L3-1002,L3_paginated_cursor_quirks,legitimate,,28,,
adjacent3,ho-L3-1003,L3_paginated_cursor_quirks,legitimate,,39,,
adjacent3,ho-L3-1004,L3_paginated_cursor_quirks,legitimate,,39,,
adjacent3,ho-L3-1005,L3_paginated_cursor_quirks,legitimate,,32,,
adjacent3,ho-L3-1006,L3_paginated_cursor_quirks,legitimate,,31,,
adjacent3,ho-L3-1007,L3_paginated_cursor_quirks,legitimate,,32,,
adjacent3,ho-L3-1008,L3_paginated_cursor_quirks,legitimate,,33,,
adjacent3,ho-L3-1009,L3_paginated_cursor_quirks,legitimate,,41,,
adjacent3,ho-L4-1000,L4_batch_fanout_repeated_subcalls,legitimate,,30,,
adjacent3,ho-L4-1001,L4_batch_fanout_repeated_subcalls,legitimate,,30,,
adjacent3,ho-L4-1002,L4_batch_fanout_repeated_subcalls,legitimate,,42,,
adjacent3,ho-L4-1003,L4_batch_fanout_repeated_subcalls,legitimate,,30,,
adjacent3,ho-L4-1004,L4_batch_fanout_repeated_subcalls,legitimate,,30,,
adjacent3,ho-L4-1005,L4_batch_fanout_repeated_subcalls,legitimate,,36,,
adjacent3,ho-L4-1006,L4_batch_fanout_repeated_subcalls,legitimate,,42,,
adjacent3,ho-L4-1007,L4_batch_fanout_repeated_subcalls,legitimate,,42,,
adjacent3,ho-L4-1008,L4_batch_fanout_repeated_subcalls,legitimate,,48,,
adjacent3,ho-L4-1009,L4_batch_fanout_repeated_subcalls,legitimate,,42,,
adjacent3,ho-L5-1000,L5_idempotent_reread_after_write,legitimate,,21,,
adjacent3,ho-L5-1001,L5_idempotent_reread_after_write,legitimate,,30,,
adjacent3,ho-L5-1002,L5_idempotent_reread_after_write,legitimate,,33,,
adjacent3,ho-L5-1003,L5_idempotent_reread_after_write,legitimate,,21,,
adjacent3,ho-L5-1004,L5_idempotent_reread_after_write,legitimate,,27,,
adjacent3,ho-L5-1005,L5_idempotent_reread_after_write,legitimate,,24,,
adjacent3,ho-L5-1006,L5_idempotent_reread_after_write,legitimate,,24,,
adjacent3,ho-L5-1007,L5_idempotent_reread_after_write,legitimate,,30,,
adjacent3,ho-L5-1008,L5_idempotent_reread_after_write,legitimate,,39,,
adjacent3,ho-L5-1009,L5_idempotent_reread_after_write,legitimate,,18,,
adjacent3,ho-L6-1000,L6_test_fix_rerun,legitimate,,27,,
adjacent3,ho-L6-1001,L6_test_fix_rerun,legitimate,,36,,
adjacent3,ho-L6-1002,L6_test_fix_rerun,legitimate,,42,,
adjacent3,ho-L6-1003,L6_test_fix_rerun,legitimate,,33,,
adjacent3,ho-L6-1004,L6_test_fix_rerun,legitimate,,45,,
adjacent3,ho-L6-1005,L6_test_fix_rerun,legitimate,,42,,
adjacent3,ho-L6-1006,L6_test_fix_rerun,legitimate,,30,,
adjacent3,ho-L6-1007,L6_test_fix_rerun,legitimate,,33,,
adjacent3,ho-L6-1008,L6_test_fix_rerun,legitimate,,39,,
adjacent3,ho-L6-1009,L6_test_fix_rerun,legitimate,,33,,
adjacent3,ho-L7-1000,L7_noisy_results_unchanged_state,legitimate,,23,2,adjacent
adjacent3,ho-L7-1001,L7_noisy_results_unchanged_state,legitimate,,9,2,adjacent
adjacent3,ho-L7-1002,L7_noisy_results_unchanged_state,legitimate,,19,2,adjacent
adjacent3,ho-L7-1003,L7_noisy_results_unchanged_state,legitimate,,18,2,adjacent
adjacent3,ho-L7-1004,L7_noisy_results_unchanged_state,legitimate,,14,2,adjacent
adjacent3,ho-L7-1005,L7_noisy_results_unchanged_state,legitimate,,13,2,adjacent
adjacent3,ho-L7-1006,L7_noisy_results_unchanged_state,legitimate,,25,2,adjacent
adjacent3,ho-L7-1007,L7_noisy_results_unchanged_state,legitimate,,19,2,adjacent
adjacent3,ho-L7-1008,L7_noisy_results_unchanged_state,legitimate,,11,2,adjacent
adjacent3,ho-L7-1009,L7_noisy_results_unchanged_state,legitimate,,15,2,adjacent
adjacent3,ho-L8-1000,L8_large_fanout_distinct,legitimate,,97,,
adjacent3,ho-L8-1001,L8_large_fanout_distinct,legitimate,,61,,
adjacent3,ho-L8-1002,L8_large_fanout_distinct,legitimate,,99,,
adjacent3,ho-L8-1003,L8_large_fanout_distinct,legitimate,,35,,
adjacent3,ho-L8-1004,L8_large_fanout_distinct,legitimate,,38,,
adjacent3,ho-L8-1005,L8_large_fanout_distinct,legitimate,,52,,
adjacent3,ho-L8-1006,L8_large_fanout_distinct,legitimate,,58,,
adjacent3,ho-L8-1007,L8_large_fanout_distinct,legitimate,,73,,
adjacent3,ho-L8-1008,L8_large_fanout_distinct,legitimate,,61,,
adjacent3,ho-L8-1009,L8_large_fanout_distinct,legitimate,,27,,
adjacent3,ho-L9-1000,L9_tree_crawl,legitimate,,37,,
adjacent3,ho-L9-1001,L9_tree_crawl,legitimate,,28,,
adjacent3,ho-L9-1002,L9_tree_crawl,legitimate,,35,,
adjacent3,ho-L9-1003,L9_tree_crawl,legitimate,,44,,
adjacent3,ho-L9-1004,L9_tree_crawl,legitimate,,44,,
adjacent3,ho-L9-1005,L9_tree_crawl,legitimate,,58,,
adjacent3,ho-L9-1006,L9_tree_crawl,legitimate,,30,,
adjacent3,ho-L9-1007,L9_tree_crawl,legitimate,,30,,
adjacent3,ho-L9-1008,L9_tree_crawl,legitimate,,54,,
adjacent3,ho-L9-1009,L9_tree_crawl,legitimate,,44,,
adjacent3,ho-L10-1000,L10_alternating_two_tool_distinct,legitimate,,54,,
adjacent3,ho-L10-1001,L10_alternating_two_tool_distinct,legitimate,,74,,
adjacent3,ho-L10-1002,L10_alternating_two_tool_distinct,legitimate,,40,,
adjacent3,ho-L10-1003,L10_alternating_two_tool_distinct,legitimate,,88,,
adjacent3,ho-L10-1004,L10_alternating_two_tool_distinct,legitimate,,84,,
adjacent3,ho-L10-1005,L10_alternating_two_tool_distinct,legitimate,,42,,
adjacent3,ho-L10-1006,L10_alternating_two_tool_distinct,legitimate,,42,,
adjacent3,ho-L10-1007,L10_alternating_two_tool_distinct,legitimate,,46,,
adjacent3,ho-L10-1008,L10_alternating_two_tool_distinct,legitimate,,66,,
adjacent3,ho-L10-1009,L10_alternating_two_tool_distinct,legitimate,,74,,
adjacent3,ho-L11-1000,L11_batch_polling_multi_job,legitimate,,60,,
adjacent3,ho-L11-1001,L11_batch_polling_multi_job,legitimate,,36,,
adjacent3,ho-L11-1002,L11_batch_polling_multi_job,legitimate,,40,,
adjacent3,ho-L11-1003,L11_batch_polling_multi_job,legitimate,,48,,
adjacent3,ho-L11-1004,L11_batch_polling_multi_job,legitimate,,40,,
adjacent3,ho-L11-1005,L11_batch_polling_multi_job,legitimate,,54,,
adjacent3,ho-L11-1006,L11_batch_polling_multi_job,legitimate,,40,,
adjacent3,ho-L11-1007,L11_batch_polling_multi_job,legitimate,,60,,
adjacent3,ho-L11-1008,L11_batch_polling_multi_job,legitimate,,48,,
adjacent3,ho-L11-1009,L11_batch_polling_multi_job,legitimate,,60,,
adjacent3,ho-hw-F-lcm3tool,hw_flood_3tool_cycle,flood,3,42,,
adjacent3,ho-hw-F-oscillate,hw_flood_oscillating_edit,flood,5,60,,
adjacent3,ho-hw-F-querycreep,hw_flood_query_creep,flood,1,40,,
adjacent3,ho-hw-F-poll-reread,hw_flood_poll_then_reread,flood,2,40,,
adjacent3,ho-hw-F-sameerror,hw_flood_same_error_retry,flood,1,25,2,adjacent
adjacent3,ho-hw-F-startdone3,hw_flood_startdone_3ids,flood,6,60,,
adjacent3,ho-hw-L-poll60,hw_legit_poll_plateau60,legitimate,,61,2,adjacent
adjacent3,ho-hw-L-backoff-capped,hw_legit_backoff_capped_plateau,legitimate,,10,7,adjacent
adjacent3,ho-hw-L-tokenrefresh,hw_legit_token_refresh_retry,legitimate,,4,,
adjacent3,ho-hw-L-dup-page,hw_legit_pagination_duplicate_page,legitimate,,6,,
adjacent3,ho-hw-L-resample45,hw_legit_repeated_subcalls_fanout,legitimate,,45,,
adjacent3,ho-hw-L-write-read,hw_legit_write_read_verify,legitimate,,4,,
adjacent3,ho-hw-L-testrerun,hw_legit_test_rerun_stagnation,legitimate,,12,,
adjacent3,ho-hw-L-noisypoll,hw_legit_noisy_poll,legitimate,,16,2,adjacent
adjacent3,ho-hw-L-fanout70,hw_legit_fanout70_distinct,legitimate,,70,,
adjacent3,ho-hw-L-oneretry,hw_legit_single_retry,legitimate,,2,,
adjacent3,ho-hw-L-search-doc,hw_legit_alternating_search_doc,legitimate,,24,,
adjacent3,ho-hw-L-monitor4,hw_legit_monitor_4_services,legitimate,,28,,
cap64,ho-F1-1000,F1_slow_drift_offset,flood,1,51,,
cap64,ho-F1-1001,F1_slow_drift_offset,flood,1,79,,
cap64,ho-F1-1002,F1_slow_drift_offset,flood,1,50,,
cap64,ho-F1-1003,F1_slow_drift_offset,flood,1,61,,
cap64,ho-F1-1004,F1_slow_drift_offset,flood,1,75,,
cap64,ho-F1-1005,F1_slow_drift_offset,flood,1,59,,
cap64,ho-F1-1006,F1_slow_drift_offset,flood,1,79,,
cap64,ho-F1-1007,F1_slow_drift_offset,flood,1,71,,
cap64,ho-F2-1000,F2_slow_drift_timestamp,flood,1,70,,
cap64,ho-F2-1001,F2_slow_drift_timestamp,flood,1,53,,
cap64,ho-F2-1002,F2_slow_drift_timestamp,flood,1,66,,
cap64,ho-F2-1003,F2_slow_drift_timestamp,flood,1,56,,
cap64,ho-F2-1004,F2_slow_drift_timestamp,flood,1,57,,
cap64,ho-F2-1005,F2_slow_drift_timestamp,flood,1,53,,
cap64,ho-F2-1006,F2_slow_drift_timestamp,flood,1,53,,
cap64,ho-F2-1007,F2_slow_drift_timestamp,flood,1,68,,
cap64,ho-F3-1000,F3_mixed_tool_lcm_cycle,flood,12,144,,
cap64,ho-F3-1001,F3_mixed_tool_lcm_cycle,flood,12,144,,
cap64,ho-F3-1002,F3_mixed_tool_lcm_cycle,flood,10,144,,
cap64,ho-F3-1003,F3_mixed_tool_lcm_cycle,flood,12,144,,
cap64,ho-F3-1004,F3_mixed_tool_lcm_cycle,flood,8,72,,
cap64,ho-F3-1005,F3_mixed_tool_lcm_cycle,flood,8,72,,
cap64,ho-F3-1006,F3_mixed_tool_lcm_cycle,flood,10,144,,
cap64,ho-F3-1007,F3_mixed_tool_lcm_cycle,flood,10,144,,
cap64,ho-F4-1000,F4_noisy_result_repeat,flood,1,47,,
cap64,ho-F4-1001,F4_noisy_result_repeat,flood,1,49,,
cap64,ho-F4-1002,F4_noisy_result_repeat,flood,1,37,,
cap64,ho-F4-1003,F4_noisy_result_repeat,flood,1,41,,
cap64,ho-F4-1004,F4_noisy_result_repeat,flood,1,39,,
cap64,ho-F4-1005,F4_noisy_result_repeat,flood,1,38,,
cap64,ho-F4-1006,F4_noisy_result_repeat,flood,1,48,,
cap64,ho-F4-1007,F4_noisy_result_repeat,flood,1,35,,
cap64,ho-F5-1000,F5_low_rate_with_heartbeat,flood,4,104,,
cap64,ho-F5-1001,F5_low_rate_with_heartbeat,flood,4,108,,
cap64,ho-F5-1002,F5_low_rate_with_heartbeat,flood,4,104,,
cap64,ho-F5-1003,F5_low_rate_with_heartbeat,flood,4,108,,
cap64,ho-F5-1004,F5_low_rate_with_heartbeat,flood,4,92,,
cap64,ho-F5-1005,F5_low_rate_with_heartbeat,flood,4,104,,
cap64,ho-F5-1006,F5_low_rate_with_heartbeat,flood,4,104,,
cap64,ho-F5-1007,F5_low_rate_with_heartbeat,flood,4,88,,
cap64,ho-F6-1000,F6_flood_after_legit_prefix,flood,27,117,,
cap64,ho-F6-1001,F6_flood_after_legit_prefix,flood,29,115,,
cap64,ho-F6-1002,F6_flood_after_legit_prefix,flood,32,118,,
cap64,ho-F6-1003,F6_flood_after_legit_prefix,flood,29,119,,
cap64,ho-F6-1004,F6_flood_after_legit_prefix,flood,28,126,,
cap64,ho-F6-1005,F6_flood_after_legit_prefix,flood,28,130,,
cap64,ho-F6-1006,F6_flood_after_legit_prefix,flood,28,116,,
cap64,ho-F6-1007,F6_flood_after_legit_prefix,flood,29,124,,
cap64,ho-F7-1000,F7_startdone_rotating_permuted_ids,flood,42,126,64,cap
cap64,ho-F7-1001,F7_startdone_rotating_permuted_ids,flood,38,114,64,cap
cap64,ho-F7-1002,F7_startdone_rotating_permuted_ids,flood,54,162,64,cap
cap64,ho-F7-1003,F7_startdone_rotating_permuted_ids,flood,42,126,64,cap
cap64,ho-F7-1004,F7_startdone_rotating_permuted_ids,flood,40,120,64,cap
cap64,ho-F7-1005,F7_startdone_rotating_permuted_ids,flood,38,114,64,cap
cap64,ho-F7-1006,F7_startdone_rotating_permuted_ids,flood,42,126,64,cap
cap64,ho-F7-1007,F7_startdone_rotating_permuted_ids,flood,46,138,64,cap
cap64,ho-F8-1000,F8_oscillating_edit_same_failure,flood,5,90,,
cap64,ho-F8-1001,F8_oscillating_edit_same_failure,flood,5,60,,
cap64,ho-F8-1002,F8_oscillating_edit_same_failure,flood,5,66,,
cap64,ho-F8-1003,F8_oscillating_edit_same_failure,flood,5,76,,
cap64,ho-F8-1004,F8_oscillating_edit_same_failure,flood,5,80,,
cap64,ho-F8-1005,F8_oscillating_edit_same_failure,flood,5,60,,
cap64,ho-F8-1006,F8_oscillating_edit_same_failure,flood,5,68,,
cap64,ho-F8-1007,F8_oscillating_edit_same_failure,flood,5,88,,
cap64,ho-F9-1000,F9_growing_batch_repeat,flood,12,105,,
cap64,ho-F9-1001,F9_growing_batch_repeat,flood,10,91,,
cap64,ho-F9-1002,F9_growing_batch_repeat,flood,12,105,,
cap64,ho-F9-1003,F9_growing_batch_repeat,flood,11,116,,
cap64,ho-F9-1004,F9_growing_batch_repeat,flood,8,77,,
cap64,ho-F9-1005,F9_growing_batch_repeat,flood,14,119,,
cap64,ho-F9-1006,F9_growing_batch_repeat,flood,9,117,,
cap64,ho-F9-1007,F9_growing_batch_repeat,flood,9,117,,
cap64,ho-L1-1000,L1_poll_long_plateau,legitimate,,23,,
cap64,ho-L1-1001,L1_poll_long_plateau,legitimate,,25,,
cap64,ho-L1-1002,L1_poll_long_plateau,legitimate,,32,,
cap64,ho-L1-1003,L1_poll_long_plateau,legitimate,,30,,
cap64,ho-L1-1004,L1_poll_long_plateau,legitimate,,15,,
cap64,ho-L1-1005,L1_poll_long_plateau,legitimate,,41,,
cap64,ho-L1-1006,L1_poll_long_plateau,legitimate,,25,,
cap64,ho-L1-1007,L1_poll_long_plateau,legitimate,,45,,
cap64,ho-L1-1008,L1_poll_long_plateau,legitimate,,32,,
cap64,ho-L1-1009,L1_poll_long_plateau,legitimate,,37,,
cap64,ho-L2-1000,L2_retries_backoff_refresh,legitimate,,8,,
cap64,ho-L2-1001,L2_retries_backoff_refresh,legitimate,,6,,
cap64,ho-L2-1002,L2_retries_backoff_refresh,legitimate,,9,,
cap64,ho-L2-1003,L2_retries_backoff_refresh,legitimate,,9,,
cap64,ho-L2-1004,L2_retries_backoff_refresh,legitimate,,10,,
cap64,ho-L2-1005,L2_retries_backoff_refresh,legitimate,,10,,
cap64,ho-L2-1006,L2_retries_backoff_refresh,legitimate,,8,,
cap64,ho-L2-1007,L2_retries_backoff_refresh,legitimate,,7,,
cap64,ho-L2-1008,L2_retries_backoff_refresh,legitimate,,10,,
cap64,ho-L2-1009,L2_retries_backoff_refresh,legitimate,,7,,
cap64,ho-L3-1000,L3_paginated_cursor_quirks,legitimate,,42,,
cap64,ho-L3-1001,L3_paginated_cursor_quirks,legitimate,,32,,
cap64,ho-L3-1002,L3_paginated_cursor_quirks,legitimate,,28,,
cap64,ho-L3-1003,L3_paginated_cursor_quirks,legitimate,,39,,
cap64,ho-L3-1004,L3_paginated_cursor_quirks,legitimate,,39,,
cap64,ho-L3-1005,L3_paginated_cursor_quirks,legitimate,,32,,
cap64,ho-L3-1006,L3_paginated_cursor_quirks,legitimate,,31,,
cap64,ho-L3-1007,L3_paginated_cursor_quirks,legitimate,,32,,
cap64,ho-L3-1008,L3_paginated_cursor_quirks,legitimate,,33,,
cap64,ho-L3-1009,L3_paginated_cursor_quirks,legitimate,,41,,
cap64,ho-L4-1000,L4_batch_fanout_repeated_subcalls,legitimate,,30,,
cap64,ho-L4-1001,L4_batch_fanout_repeated_subcalls,legitimate,,30,,
cap64,ho-L4-1002,L4_batch_fanout_repeated_subcalls,legitimate,,42,,
cap64,ho-L4-1003,L4_batch_fanout_repeated_subcalls,legitimate,,30,,
cap64,ho-L4-1004,L4_batch_fanout_repeated_subcalls,legitimate,,30,,
cap64,ho-L4-1005,L4_batch_fanout_repeated_subcalls,legitimate,,36,,
cap64,ho-L4-1006,L4_batch_fanout_repeated_subcalls,legitimate,,42,,
cap64,ho-L4-1007,L4_batch_fanout_repeated_subcalls,legitimate,,42,,
cap64,ho-L4-1008,L4_batch_fanout_repeated_subcalls,legitimate,,48,,
cap64,ho-L4-1009,L4_batch_fanout_repeated_subcalls,legitimate,,42,,
cap64,ho-L5-1000,L5_idempotent_reread_after_write,legitimate,,21,,
cap64,ho-L5-1001,L5_idempotent_reread_after_write,legitimate,,30,,
cap64,ho-L5-1002,L5_idempotent_reread_after_write,legitimate,,33,,
cap64,ho-L5-1003,L5_idempotent_reread_after_write,legitimate,,21,,
cap64,ho-L5-1004,L5_idempotent_reread_after_write,legitimate,,27,,
cap64,ho-L5-1005,L5_idempotent_reread_after_write,legitimate,,24,,
cap64,ho-L5-1006,L5_idempotent_reread_after_write,legitimate,,24,,
cap64,ho-L5-1007,L5_idempotent_reread_after_write,legitimate,,30,,
cap64,ho-L5-1008,L5_idempotent_reread_after_write,legitimate,,39,,
cap64,ho-L5-1009,L5_idempotent_reread_after_write,legitimate,,18,,
cap64,ho-L6-1000,L6_test_fix_rerun,legitimate,,27,,
cap64,ho-L6-1001,L6_test_fix_rerun,legitimate,,36,,
cap64,ho-L6-1002,L6_test_fix_rerun,legitimate,,42,,
cap64,ho-L6-1003,L6_test_fix_rerun,legitimate,,33,,
cap64,ho-L6-1004,L6_test_fix_rerun,legitimate,,45,,
cap64,ho-L6-1005,L6_test_fix_rerun,legitimate,,42,,
cap64,ho-L6-1006,L6_test_fix_rerun,legitimate,,30,,
cap64,ho-L6-1007,L6_test_fix_rerun,legitimate,,33,,
cap64,ho-L6-1008,L6_test_fix_rerun,legitimate,,39,,
cap64,ho-L6-1009,L6_test_fix_rerun,legitimate,,33,,
cap64,ho-L7-1000,L7_noisy_results_unchanged_state,legitimate,,23,,
cap64,ho-L7-1001,L7_noisy_results_unchanged_state,legitimate,,9,,
cap64,ho-L7-1002,L7_noisy_results_unchanged_state,legitimate,,19,,
cap64,ho-L7-1003,L7_noisy_results_unchanged_state,legitimate,,18,,
cap64,ho-L7-1004,L7_noisy_results_unchanged_state,legitimate,,14,,
cap64,ho-L7-1005,L7_noisy_results_unchanged_state,legitimate,,13,,
cap64,ho-L7-1006,L7_noisy_results_unchanged_state,legitimate,,25,,
cap64,ho-L7-1007,L7_noisy_results_unchanged_state,legitimate,,19,,
cap64,ho-L7-1008,L7_noisy_results_unchanged_state,legitimate,,11,,
cap64,ho-L7-1009,L7_noisy_results_unchanged_state,legitimate,,15,,
cap64,ho-L8-1000,L8_large_fanout_distinct,legitimate,,97,64,cap
cap64,ho-L8-1001,L8_large_fanout_distinct,legitimate,,61,,
cap64,ho-L8-1002,L8_large_fanout_distinct,legitimate,,99,64,cap
cap64,ho-L8-1003,L8_large_fanout_distinct,legitimate,,35,,
cap64,ho-L8-1004,L8_large_fanout_distinct,legitimate,,38,,
cap64,ho-L8-1005,L8_large_fanout_distinct,legitimate,,52,,
cap64,ho-L8-1006,L8_large_fanout_distinct,legitimate,,58,,
cap64,ho-L8-1007,L8_large_fanout_distinct,legitimate,,73,64,cap
cap64,ho-L8-1008,L8_large_fanout_distinct,legitimate,,61,,
cap64,ho-L8-1009,L8_large_fanout_distinct,legitimate,,27,,
cap64,ho-L9-1000,L9_tree_crawl,legitimate,,37,,
cap64,ho-L9-1001,L9_tree_crawl,legitimate,,28,,
cap64,ho-L9-1002,L9_tree_crawl,legitimate,,35,,
cap64,ho-L9-1003,L9_tree_crawl,legitimate,,44,,
cap64,ho-L9-1004,L9_tree_crawl,legitimate,,44,,
cap64,ho-L9-1005,L9_tree_crawl,legitimate,,58,,
cap64,ho-L9-1006,L9_tree_crawl,legitimate,,30,,
cap64,ho-L9-1007,L9_tree_crawl,legitimate,,30,,
cap64,ho-L9-1008,L9_tree_crawl,legitimate,,54,,
cap64,ho-L9-1009,L9_tree_crawl,legitimate,,44,,
cap64,ho-L10-1000,L10_alternating_two_tool_distinct,legitimate,,54,,
cap64,ho-L10-1001,L10_alternating_two_tool_distinct,legitimate,,74,,
cap64,ho-L10-1002,L10_alternating_two_tool_distinct,legitimate,,40,,
cap64,ho-L10-1003,L10_alternating_two_tool_distinct,legitimate,,88,,
cap64,ho-L10-1004,L10_alternating_two_tool_distinct,legitimate,,84,,
cap64,ho-L10-1005,L10_alternating_two_tool_distinct,legitimate,,42,,
cap64,ho-L10-1006,L10_alternating_two_tool_distinct,legitimate,,42,,
cap64,ho-L10-1007,L10_alternating_two_tool_distinct,legitimate,,46,,
cap64,ho-L10-1008,L10_alternating_two_tool_distinct,legitimate,,66,,
cap64,ho-L10-1009,L10_alternating_two_tool_distinct,legitimate,,74,,
cap64,ho-L11-1000,L11_batch_polling_multi_job,legitimate,,60,,
cap64,ho-L11-1001,L11_batch_polling_multi_job,legitimate,,36,,
cap64,ho-L11-1002,L11_batch_polling_multi_job,legitimate,,40,,
cap64,ho-L11-1003,L11_batch_polling_multi_job,legitimate,,48,,
cap64,ho-L11-1004,L11_batch_polling_multi_job,legitimate,,40,,
cap64,ho-L11-1005,L11_batch_polling_multi_job,legitimate,,54,,
cap64,ho-L11-1006,L11_batch_polling_multi_job,legitimate,,40,,
cap64,ho-L11-1007,L11_batch_polling_multi_job,legitimate,,60,,
cap64,ho-L11-1008,L11_batch_polling_multi_job,legitimate,,48,,
cap64,ho-L11-1009,L11_batch_polling_multi_job,legitimate,,60,,
cap64,ho-hw-F-lcm3tool,hw_flood_3tool_cycle,flood,3,42,,
cap64,ho-hw-F-oscillate,hw_flood_oscillating_edit,flood,5,60,,
cap64,ho-hw-F-querycreep,hw_flood_query_creep,flood,1,40,,
cap64,ho-hw-F-poll-reread,hw_flood_poll_then_reread,flood,2,40,,
cap64,ho-hw-F-sameerror,hw_flood_same_error_retry,flood,1,25,,
cap64,ho-hw-F-startdone3,hw_flood_startdone_3ids,flood,6,60,,
cap64,ho-hw-L-poll60,hw_legit_poll_plateau60,legitimate,,61,,
cap64,ho-hw-L-backoff-capped,hw_legit_backoff_capped_plateau,legitimate,,10,,
cap64,ho-hw-L-tokenrefresh,hw_legit_token_refresh_retry,legitimate,,4,,
cap64,ho-hw-L-dup-page,hw_legit_pagination_duplicate_page,legitimate,,6,,
cap64,ho-hw-L-resample45,hw_legit_repeated_subcalls_fanout,legitimate,,45,,
cap64,ho-hw-L-write-read,hw_legit_write_read_verify,legitimate,,4,,
cap64,ho-hw-L-testrerun,hw_legit_test_rerun_stagnation,legitimate,,12,,
cap64,ho-hw-L-noisypoll,hw_legit_noisy_poll,legitimate,,16,,
cap64,ho-hw-L-fanout70,hw_legit_fanout70_distinct,legitimate,,70,64,cap
cap64,ho-hw-L-oneretry,hw_legit_single_retry,legitimate,,2,,
cap64,ho-hw-L-search-doc,hw_legit_alternating_search_doc,legitimate,,24,,
cap64,ho-hw-L-monitor4,hw_legit_monitor_4_services,legitimate,,28,,
cap128,ho-F1-1000,F1_slow_drift_offset,flood,1,51,,
cap128,ho-F1-1001,F1_slow_drift_offset,flood,1,79,,
cap128,ho-F1-1002,F1_slow_drift_offset,flood,1,50,,
cap128,ho-F1-1003,F1_slow_drift_offset,flood,1,61,,
cap128,ho-F1-1004,F1_slow_drift_offset,flood,1,75,,
cap128,ho-F1-1005,F1_slow_drift_offset,flood,1,59,,
cap128,ho-F1-1006,F1_slow_drift_offset,flood,1,79,,
cap128,ho-F1-1007,F1_slow_drift_offset,flood,1,71,,
cap128,ho-F2-1000,F2_slow_drift_timestamp,flood,1,70,,
cap128,ho-F2-1001,F2_slow_drift_timestamp,flood,1,53,,
cap128,ho-F2-1002,F2_slow_drift_timestamp,flood,1,66,,
cap128,ho-F2-1003,F2_slow_drift_timestamp,flood,1,56,,
cap128,ho-F2-1004,F2_slow_drift_timestamp,flood,1,57,,
cap128,ho-F2-1005,F2_slow_drift_timestamp,flood,1,53,,
cap128,ho-F2-1006,F2_slow_drift_timestamp,flood,1,53,,
cap128,ho-F2-1007,F2_slow_drift_timestamp,flood,1,68,,
cap128,ho-F3-1000,F3_mixed_tool_lcm_cycle,flood,12,144,,
cap128,ho-F3-1001,F3_mixed_tool_lcm_cycle,flood,12,144,,
cap128,ho-F3-1002,F3_mixed_tool_lcm_cycle,flood,10,144,,
cap128,ho-F3-1003,F3_mixed_tool_lcm_cycle,flood,12,144,,
cap128,ho-F3-1004,F3_mixed_tool_lcm_cycle,flood,8,72,,
cap128,ho-F3-1005,F3_mixed_tool_lcm_cycle,flood,8,72,,
cap128,ho-F3-1006,F3_mixed_tool_lcm_cycle,flood,10,144,,
cap128,ho-F3-1007,F3_mixed_tool_lcm_cycle,flood,10,144,,
cap128,ho-F4-1000,F4_noisy_result_repeat,flood,1,47,,
cap128,ho-F4-1001,F4_noisy_result_repeat,flood,1,49,,
cap128,ho-F4-1002,F4_noisy_result_repeat,flood,1,37,,
cap128,ho-F4-1003,F4_noisy_result_repeat,flood,1,41,,
cap128,ho-F4-1004,F4_noisy_result_repeat,flood,1,39,,
cap128,ho-F4-1005,F4_noisy_result_repeat,flood,1,38,,
cap128,ho-F4-1006,F4_noisy_result_repeat,flood,1,48,,
cap128,ho-F4-1007,F4_noisy_result_repeat,flood,1,35,,
cap128,ho-F5-1000,F5_low_rate_with_heartbeat,flood,4,104,,
cap128,ho-F5-1001,F5_low_rate_with_heartbeat,flood,4,108,,
cap128,ho-F5-1002,F5_low_rate_with_heartbeat,flood,4,104,,
cap128,ho-F5-1003,F5_low_rate_with_heartbeat,flood,4,108,,
cap128,ho-F5-1004,F5_low_rate_with_heartbeat,flood,4,92,,
cap128,ho-F5-1005,F5_low_rate_with_heartbeat,flood,4,104,,
cap128,ho-F5-1006,F5_low_rate_with_heartbeat,flood,4,104,,
cap128,ho-F5-1007,F5_low_rate_with_heartbeat,flood,4,88,,
cap128,ho-F6-1000,F6_flood_after_legit_prefix,flood,27,117,,
cap128,ho-F6-1001,F6_flood_after_legit_prefix,flood,29,115,,
cap128,ho-F6-1002,F6_flood_after_legit_prefix,flood,32,118,,
cap128,ho-F6-1003,F6_flood_after_legit_prefix,flood,29,119,,
cap128,ho-F6-1004,F6_flood_after_legit_prefix,flood,28,126,,
cap128,ho-F6-1005,F6_flood_after_legit_prefix,flood,28,130,,
cap128,ho-F6-1006,F6_flood_after_legit_prefix,flood,28,116,,
cap128,ho-F6-1007,F6_flood_after_legit_prefix,flood,29,124,,
cap128,ho-F7-1000,F7_startdone_rotating_permuted_ids,flood,42,126,,
cap128,ho-F7-1001,F7_startdone_rotating_permuted_ids,flood,38,114,,
cap128,ho-F7-1002,F7_startdone_rotating_permuted_ids,flood,54,162,128,cap
cap128,ho-F7-1003,F7_startdone_rotating_permuted_ids,flood,42,126,,
cap128,ho-F7-1004,F7_startdone_rotating_permuted_ids,flood,40,120,,
cap128,ho-F7-1005,F7_startdone_rotating_permuted_ids,flood,38,114,,
cap128,ho-F7-1006,F7_startdone_rotating_permuted_ids,flood,42,126,,
cap128,ho-F7-1007,F7_startdone_rotating_permuted_ids,flood,46,138,128,cap
cap128,ho-F8-1000,F8_oscillating_edit_same_failure,flood,5,90,,
cap128,ho-F8-1001,F8_oscillating_edit_same_failure,flood,5,60,,
cap128,ho-F8-1002,F8_oscillating_edit_same_failure,flood,5,66,,
cap128,ho-F8-1003,F8_oscillating_edit_same_failure,flood,5,76,,
cap128,ho-F8-1004,F8_oscillating_edit_same_failure,flood,5,80,,
cap128,ho-F8-1005,F8_oscillating_edit_same_failure,flood,5,60,,
cap128,ho-F8-1006,F8_oscillating_edit_same_failure,flood,5,68,,
cap128,ho-F8-1007,F8_oscillating_edit_same_failure,flood,5,88,,
cap128,ho-F9-1000,F9_growing_batch_repeat,flood,12,105,,
cap128,ho-F9-1001,F9_growing_batch_repeat,flood,10,91,,
cap128,ho-F9-1002,F9_growing_batch_repeat,flood,12,105,,
cap128,ho-F9-1003,F9_growing_batch_repeat,flood,11,116,,
cap128,ho-F9-1004,F9_growing_batch_repeat,flood,8,77,,
cap128,ho-F9-1005,F9_growing_batch_repeat,flood,14,119,,
cap128,ho-F9-1006,F9_growing_batch_repeat,flood,9,117,,
cap128,ho-F9-1007,F9_growing_batch_repeat,flood,9,117,,
cap128,ho-L1-1000,L1_poll_long_plateau,legitimate,,23,,
cap128,ho-L1-1001,L1_poll_long_plateau,legitimate,,25,,
cap128,ho-L1-1002,L1_poll_long_plateau,legitimate,,32,,
cap128,ho-L1-1003,L1_poll_long_plateau,legitimate,,30,,
cap128,ho-L1-1004,L1_poll_long_plateau,legitimate,,15,,
cap128,ho-L1-1005,L1_poll_long_plateau,legitimate,,41,,
cap128,ho-L1-1006,L1_poll_long_plateau,legitimate,,25,,
cap128,ho-L1-1007,L1_poll_long_plateau,legitimate,,45,,
cap128,ho-L1-1008,L1_poll_long_plateau,legitimate,,32,,
cap128,ho-L1-1009,L1_poll_long_plateau,legitimate,,37,,
cap128,ho-L2-1000,L2_retries_backoff_refresh,legitimate,,8,,
cap128,ho-L2-1001,L2_retries_backoff_refresh,legitimate,,6,,
cap128,ho-L2-1002,L2_retries_backoff_refresh,legitimate,,9,,
cap128,ho-L2-1003,L2_retries_backoff_refresh,legitimate,,9,,
cap128,ho-L2-1004,L2_retries_backoff_refresh,legitimate,,10,,
cap128,ho-L2-1005,L2_retries_backoff_refresh,legitimate,,10,,
cap128,ho-L2-1006,L2_retries_backoff_refresh,legitimate,,8,,
cap128,ho-L2-1007,L2_retries_backoff_refresh,legitimate,,7,,
cap128,ho-L2-1008,L2_retries_backoff_refresh,legitimate,,10,,
cap128,ho-L2-1009,L2_retries_backoff_refresh,legitimate,,7,,
cap128,ho-L3-1000,L3_paginated_cursor_quirks,legitimate,,42,,
cap128,ho-L3-1001,L3_paginated_cursor_quirks,legitimate,,32,,
cap128,ho-L3-1002,L3_paginated_cursor_quirks,legitimate,,28,,
cap128,ho-L3-1003,L3_paginated_cursor_quirks,legitimate,,39,,
cap128,ho-L3-1004,L3_paginated_cursor_quirks,legitimate,,39,,
cap128,ho-L3-1005,L3_paginated_cursor_quirks,legitimate,,32,,
cap128,ho-L3-1006,L3_paginated_cursor_quirks,legitimate,,31,,
cap128,ho-L3-1007,L3_paginated_cursor_quirks,legitimate,,32,,
cap128,ho-L3-1008,L3_paginated_cursor_quirks,legitimate,,33,,
cap128,ho-L3-1009,L3_paginated_cursor_quirks,legitimate,,41,,
cap128,ho-L4-1000,L4_batch_fanout_repeated_subcalls,legitimate,,30,,
cap128,ho-L4-1001,L4_batch_fanout_repeated_subcalls,legitimate,,30,,
cap128,ho-L4-1002,L4_batch_fanout_repeated_subcalls,legitimate,,42,,
cap128,ho-L4-1003,L4_batch_fanout_repeated_subcalls,legitimate,,30,,
cap128,ho-L4-1004,L4_batch_fanout_repeated_subcalls,legitimate,,30,,
cap128,ho-L4-1005,L4_batch_fanout_repeated_subcalls,legitimate,,36,,
cap128,ho-L4-1006,L4_batch_fanout_repeated_subcalls,legitimate,,42,,
cap128,ho-L4-1007,L4_batch_fanout_repeated_subcalls,legitimate,,42,,
cap128,ho-L4-1008,L4_batch_fanout_repeated_subcalls,legitimate,,48,,
cap128,ho-L4-1009,L4_batch_fanout_repeated_subcalls,legitimate,,42,,
cap128,ho-L5-1000,L5_idempotent_reread_after_write,legitimate,,21,,
cap128,ho-L5-1001,L5_idempotent_reread_after_write,legitimate,,30,,
cap128,ho-L5-1002,L5_idempotent_reread_after_write,legitimate,,33,,
cap128,ho-L5-1003,L5_idempotent_reread_after_write,legitimate,,21,,
cap128,ho-L5-1004,L5_idempotent_reread_after_write,legitimate,,27,,
cap128,ho-L5-1005,L5_idempotent_reread_after_write,legitimate,,24,,
cap128,ho-L5-1006,L5_idempotent_reread_after_write,legitimate,,24,,
cap128,ho-L5-1007,L5_idempotent_reread_after_write,legitimate,,30,,
cap128,ho-L5-1008,L5_idempotent_reread_after_write,legitimate,,39,,
cap128,ho-L5-1009,L5_idempotent_reread_after_write,legitimate,,18,,
cap128,ho-L6-1000,L6_test_fix_rerun,legitimate,,27,,
cap128,ho-L6-1001,L6_test_fix_rerun,legitimate,,36,,
cap128,ho-L6-1002,L6_test_fix_rerun,legitimate,,42,,
cap128,ho-L6-1003,L6_test_fix_rerun,legitimate,,33,,
cap128,ho-L6-1004,L6_test_fix_rerun,legitimate,,45,,
cap128,ho-L6-1005,L6_test_fix_rerun,legitimate,,42,,
cap128,ho-L6-1006,L6_test_fix_rerun,legitimate,,30,,
cap128,ho-L6-1007,L6_test_fix_rerun,legitimate,,33,,
cap128,ho-L6-1008,L6_test_fix_rerun,legitimate,,39,,
cap128,ho-L6-1009,L6_test_fix_rerun,legitimate,,33,,
cap128,ho-L7-1000,L7_noisy_results_unchanged_state,legitimate,,23,,
cap128,ho-L7-1001,L7_noisy_results_unchanged_state,legitimate,,9,,
cap128,ho-L7-1002,L7_noisy_results_unchanged_state,legitimate,,19,,
cap128,ho-L7-1003,L7_noisy_results_unchanged_state,legitimate,,18,,
cap128,ho-L7-1004,L7_noisy_results_unchanged_state,legitimate,,14,,
cap128,ho-L7-1005,L7_noisy_results_unchanged_state,legitimate,,13,,
cap128,ho-L7-1006,L7_noisy_results_unchanged_state,legitimate,,25,,
cap128,ho-L7-1007,L7_noisy_results_unchanged_state,legitimate,,19,,
cap128,ho-L7-1008,L7_noisy_results_unchanged_state,legitimate,,11,,
cap128,ho-L7-1009,L7_noisy_results_unchanged_state,legitimate,,15,,
cap128,ho-L8-1000,L8_large_fanout_distinct,legitimate,,97,,
cap128,ho-L8-1001,L8_large_fanout_distinct,legitimate,,61,,
cap128,ho-L8-1002,L8_large_fanout_distinct,legitimate,,99,,
cap128,ho-L8-1003,L8_large_fanout_distinct,legitimate,,35,,
cap128,ho-L8-1004,L8_large_fanout_distinct,legitimate,,38,,
cap128,ho-L8-1005,L8_large_fanout_distinct,legitimate,,52,,
cap128,ho-L8-1006,L8_large_fanout_distinct,legitimate,,58,,
cap128,ho-L8-1007,L8_large_fanout_distinct,legitimate,,73,,
cap128,ho-L8-1008,L8_large_fanout_distinct,legitimate,,61,,
cap128,ho-L8-1009,L8_large_fanout_distinct,legitimate,,27,,
cap128,ho-L9-1000,L9_tree_crawl,legitimate,,37,,
cap128,ho-L9-1001,L9_tree_crawl,legitimate,,28,,
cap128,ho-L9-1002,L9_tree_crawl,legitimate,,35,,
cap128,ho-L9-1003,L9_tree_crawl,legitimate,,44,,
cap128,ho-L9-1004,L9_tree_crawl,legitimate,,44,,
cap128,ho-L9-1005,L9_tree_crawl,legitimate,,58,,
cap128,ho-L9-1006,L9_tree_crawl,legitimate,,30,,
cap128,ho-L9-1007,L9_tree_crawl,legitimate,,30,,
cap128,ho-L9-1008,L9_tree_crawl,legitimate,,54,,
cap128,ho-L9-1009,L9_tree_crawl,legitimate,,44,,
cap128,ho-L10-1000,L10_alternating_two_tool_distinct,legitimate,,54,,
cap128,ho-L10-1001,L10_alternating_two_tool_distinct,legitimate,,74,,
cap128,ho-L10-1002,L10_alternating_two_tool_distinct,legitimate,,40,,
cap128,ho-L10-1003,L10_alternating_two_tool_distinct,legitimate,,88,,
cap128,ho-L10-1004,L10_alternating_two_tool_distinct,legitimate,,84,,
cap128,ho-L10-1005,L10_alternating_two_tool_distinct,legitimate,,42,,
cap128,ho-L10-1006,L10_alternating_two_tool_distinct,legitimate,,42,,
cap128,ho-L10-1007,L10_alternating_two_tool_distinct,legitimate,,46,,
cap128,ho-L10-1008,L10_alternating_two_tool_distinct,legitimate,,66,,
cap128,ho-L10-1009,L10_alternating_two_tool_distinct,legitimate,,74,,
cap128,ho-L11-1000,L11_batch_polling_multi_job,legitimate,,60,,
cap128,ho-L11-1001,L11_batch_polling_multi_job,legitimate,,36,,
cap128,ho-L11-1002,L11_batch_polling_multi_job,legitimate,,40,,
cap128,ho-L11-1003,L11_batch_polling_multi_job,legitimate,,48,,
cap128,ho-L11-1004,L11_batch_polling_multi_job,legitimate,,40,,
cap128,ho-L11-1005,L11_batch_polling_multi_job,legitimate,,54,,
cap128,ho-L11-1006,L11_batch_polling_multi_job,legitimate,,40,,
cap128,ho-L11-1007,L11_batch_polling_multi_job,legitimate,,60,,
cap128,ho-L11-1008,L11_batch_polling_multi_job,legitimate,,48,,
cap128,ho-L11-1009,L11_batch_polling_multi_job,legitimate,,60,,
cap128,ho-hw-F-lcm3tool,hw_flood_3tool_cycle,flood,3,42,,
cap128,ho-hw-F-oscillate,hw_flood_oscillating_edit,flood,5,60,,
cap128,ho-hw-F-querycreep,hw_flood_query_creep,flood,1,40,,
cap128,ho-hw-F-poll-reread,hw_flood_poll_then_reread,flood,2,40,,
cap128,ho-hw-F-sameerror,hw_flood_same_error_retry,flood,1,25,,
cap128,ho-hw-F-startdone3,hw_flood_startdone_3ids,flood,6,60,,
cap128,ho-hw-L-poll60,hw_legit_poll_plateau60,legitimate,,61,,
cap128,ho-hw-L-backoff-capped,hw_legit_backoff_capped_plateau,legitimate,,10,,
cap128,ho-hw-L-tokenrefresh,hw_legit_token_refresh_retry,legitimate,,4,,
cap128,ho-hw-L-dup-page,hw_legit_pagination_duplicate_page,legitimate,,6,,
cap128,ho-hw-L-resample45,hw_legit_repeated_subcalls_fanout,legitimate,,45,,
cap128,ho-hw-L-write-read,hw_legit_write_read_verify,legitimate,,4,,
cap128,ho-hw-L-testrerun,hw_legit_test_rerun_stagnation,legitimate,,12,,
cap128,ho-hw-L-noisypoll,hw_legit_noisy_poll,legitimate,,16,,
cap128,ho-hw-L-fanout70,hw_legit_fanout70_distinct,legitimate,,70,,
cap128,ho-hw-L-oneretry,hw_legit_single_retry,legitimate,,2,,
cap128,ho-hw-L-search-doc,hw_legit_alternating_search_doc,legitimate,,24,,
cap128,ho-hw-L-monitor4,hw_legit_monitor_4_services,legitimate,,28,,
S0,ho-F1-1000,F1_slow_drift_offset,flood,1,51,,
S0,ho-F1-1001,F1_slow_drift_offset,flood,1,79,,
S0,ho-F1-1002,F1_slow_drift_offset,flood,1,50,,
S0,ho-F1-1003,F1_slow_drift_offset,flood,1,61,,
S0,ho-F1-1004,F1_slow_drift_offset,flood,1,75,,
S0,ho-F1-1005,F1_slow_drift_offset,flood,1,59,,
S0,ho-F1-1006,F1_slow_drift_offset,flood,1,79,,
S0,ho-F1-1007,F1_slow_drift_offset,flood,1,71,,
S0,ho-F2-1000,F2_slow_drift_timestamp,flood,1,70,,
S0,ho-F2-1001,F2_slow_drift_timestamp,flood,1,53,,
S0,ho-F2-1002,F2_slow_drift_timestamp,flood,1,66,,
S0,ho-F2-1003,F2_slow_drift_timestamp,flood,1,56,,
S0,ho-F2-1004,F2_slow_drift_timestamp,flood,1,57,,
S0,ho-F2-1005,F2_slow_drift_timestamp,flood,1,53,,
S0,ho-F2-1006,F2_slow_drift_timestamp,flood,1,53,,
S0,ho-F2-1007,F2_slow_drift_timestamp,flood,1,68,,
S0,ho-F3-1000,F3_mixed_tool_lcm_cycle,flood,12,144,95,distinct_ratio
S0,ho-F3-1001,F3_mixed_tool_lcm_cycle,flood,12,144,95,distinct_ratio
S0,ho-F3-1002,F3_mixed_tool_lcm_cycle,flood,10,144,58,near_dup
S0,ho-F3-1003,F3_mixed_tool_lcm_cycle,flood,12,144,95,distinct_ratio
S0,ho-F3-1004,F3_mixed_tool_lcm_cycle,flood,8,72,56,near_dup
S0,ho-F3-1005,F3_mixed_tool_lcm_cycle,flood,8,72,56,near_dup
S0,ho-F3-1006,F3_mixed_tool_lcm_cycle,flood,10,144,58,near_dup
S0,ho-F3-1007,F3_mixed_tool_lcm_cycle,flood,10,144,58,near_dup
S0,ho-F4-1000,F4_noisy_result_repeat,flood,1,47,,
S0,ho-F4-1001,F4_noisy_result_repeat,flood,1,49,,
S0,ho-F4-1002,F4_noisy_result_repeat,flood,1,37,,
S0,ho-F4-1003,F4_noisy_result_repeat,flood,1,41,,
S0,ho-F4-1004,F4_noisy_result_repeat,flood,1,39,,
S0,ho-F4-1005,F4_noisy_result_repeat,flood,1,38,,
S0,ho-F4-1006,F4_noisy_result_repeat,flood,1,48,,
S0,ho-F4-1007,F4_noisy_result_repeat,flood,1,35,,
S0,ho-F5-1000,F5_low_rate_with_heartbeat,flood,4,104,28,near_dup
S0,ho-F5-1001,F5_low_rate_with_heartbeat,flood,4,108,28,near_dup
S0,ho-F5-1002,F5_low_rate_with_heartbeat,flood,4,104,28,near_dup
S0,ho-F5-1003,F5_low_rate_with_heartbeat,flood,4,108,28,near_dup
S0,ho-F5-1004,F5_low_rate_with_heartbeat,flood,4,92,28,near_dup
S0,ho-F5-1005,F5_low_rate_with_heartbeat,flood,4,104,28,near_dup
S0,ho-F5-1006,F5_low_rate_with_heartbeat,flood,4,104,28,near_dup
S0,ho-F5-1007,F5_low_rate_with_heartbeat,flood,4,88,28,near_dup
S0,ho-F6-1000,F6_flood_after_legit_prefix,flood,27,117,40,cycle
S0,ho-F6-1001,F6_flood_after_legit_prefix,flood,29,115,42,cycle
S0,ho-F6-1002,F6_flood_after_legit_prefix,flood,32,118,49,cycle
S0,ho-F6-1003,F6_flood_after_legit_prefix,flood,29,119,40,cycle
S0,ho-F6-1004,F6_flood_after_legit_prefix,flood,28,126,43,cycle
S0,ho-F6-1005,F6_flood_after_legit_prefix,flood,28,130,41,cycle
S0,ho-F6-1006,F6_flood_after_legit_prefix,flood,28,116,45,cycle
S0,ho-F6-1007,F6_flood_after_legit_prefix,flood,29,124,46,cycle
S0,ho-F7-1000,F7_startdone_rotating_permuted_ids,flood,42,126,,
S0,ho-F7-1001,F7_startdone_rotating_permuted_ids,flood,38,114,95,distinct_ratio
S0,ho-F7-1002,F7_startdone_rotating_permuted_ids,flood,54,162,,
S0,ho-F7-1003,F7_startdone_rotating_permuted_ids,flood,42,126,,
S0,ho-F7-1004,F7_startdone_rotating_permuted_ids,flood,40,120,,
S0,ho-F7-1005,F7_startdone_rotating_permuted_ids,flood,38,114,95,distinct_ratio
S0,ho-F7-1006,F7_startdone_rotating_permuted_ids,flood,42,126,,
S0,ho-F7-1007,F7_startdone_rotating_permuted_ids,flood,46,138,,
S0,ho-F8-1000,F8_oscillating_edit_same_failure,flood,5,90,11,cycle
S0,ho-F8-1001,F8_oscillating_edit_same_failure,flood,5,60,11,cycle
S0,ho-F8-1002,F8_oscillating_edit_same_failure,flood,5,66,11,cycle
S0,ho-F8-1003,F8_oscillating_edit_same_failure,flood,5,76,11,cycle
S0,ho-F8-1004,F8_oscillating_edit_same_failure,flood,5,80,11,cycle
S0,ho-F8-1005,F8_oscillating_edit_same_failure,flood,5,60,11,cycle
S0,ho-F8-1006,F8_oscillating_edit_same_failure,flood,5,68,11,cycle
S0,ho-F8-1007,F8_oscillating_edit_same_failure,flood,5,88,11,cycle
S0,ho-F9-1000,F9_growing_batch_repeat,flood,12,105,38,cross_turn
S0,ho-F9-1001,F9_growing_batch_repeat,flood,10,91,32,cross_turn
S0,ho-F9-1002,F9_growing_batch_repeat,flood,12,105,38,cross_turn
S0,ho-F9-1003,F9_growing_batch_repeat,flood,11,116,35,cross_turn
S0,ho-F9-1004,F9_growing_batch_repeat,flood,8,77,37,cross_turn
S0,ho-F9-1005,F9_growing_batch_repeat,flood,14,119,44,cross_turn
S0,ho-F9-1006,F9_growing_batch_repeat,flood,9,117,29,cross_turn
S0,ho-F9-1007,F9_growing_batch_repeat,flood,9,117,29,cross_turn
S0,ho-L1-1000,L1_poll_long_plateau,legitimate,,23,7,near_dup
S0,ho-L1-1001,L1_poll_long_plateau,legitimate,,25,7,near_dup
S0,ho-L1-1002,L1_poll_long_plateau,legitimate,,32,7,near_dup
S0,ho-L1-1003,L1_poll_long_plateau,legitimate,,30,7,near_dup
S0,ho-L1-1004,L1_poll_long_plateau,legitimate,,15,7,near_dup
S0,ho-L1-1005,L1_poll_long_plateau,legitimate,,41,7,near_dup
S0,ho-L1-1006,L1_poll_long_plateau,legitimate,,25,7,near_dup
S0,ho-L1-1007,L1_poll_long_plateau,legitimate,,45,7,near_dup
S0,ho-L1-1008,L1_poll_long_plateau,legitimate,,32,7,near_dup
S0,ho-L1-1009,L1_poll_long_plateau,legitimate,,37,7,near_dup
S0,ho-L2-1000,L2_retries_backoff_refresh,legitimate,,8,,
S0,ho-L2-1001,L2_retries_backoff_refresh,legitimate,,6,,
S0,ho-L2-1002,L2_retries_backoff_refresh,legitimate,,9,,
S0,ho-L2-1003,L2_retries_backoff_refresh,legitimate,,9,,
S0,ho-L2-1004,L2_retries_backoff_refresh,legitimate,,10,,
S0,ho-L2-1005,L2_retries_backoff_refresh,legitimate,,10,,
S0,ho-L2-1006,L2_retries_backoff_refresh,legitimate,,8,,
S0,ho-L2-1007,L2_retries_backoff_refresh,legitimate,,7,,
S0,ho-L2-1008,L2_retries_backoff_refresh,legitimate,,10,,
S0,ho-L2-1009,L2_retries_backoff_refresh,legitimate,,7,,
S0,ho-L3-1000,L3_paginated_cursor_quirks,legitimate,,42,,
S0,ho-L3-1001,L3_paginated_cursor_quirks,legitimate,,32,,
S0,ho-L3-1002,L3_paginated_cursor_quirks,legitimate,,28,,
S0,ho-L3-1003,L3_paginated_cursor_quirks,legitimate,,39,,
S0,ho-L3-1004,L3_paginated_cursor_quirks,legitimate,,39,,
S0,ho-L3-1005,L3_paginated_cursor_quirks,legitimate,,32,,
S0,ho-L3-1006,L3_paginated_cursor_quirks,legitimate,,31,,
S0,ho-L3-1007,L3_paginated_cursor_quirks,legitimate,,32,,
S0,ho-L3-1008,L3_paginated_cursor_quirks,legitimate,,33,,
S0,ho-L3-1009,L3_paginated_cursor_quirks,legitimate,,41,,
S0,ho-L4-1000,L4_batch_fanout_repeated_subcalls,legitimate,,30,,
S0,ho-L4-1001,L4_batch_fanout_repeated_subcalls,legitimate,,30,,
S0,ho-L4-1002,L4_batch_fanout_repeated_subcalls,legitimate,,42,,
S0,ho-L4-1003,L4_batch_fanout_repeated_subcalls,legitimate,,30,,
S0,ho-L4-1004,L4_batch_fanout_repeated_subcalls,legitimate,,30,,
S0,ho-L4-1005,L4_batch_fanout_repeated_subcalls,legitimate,,36,,
S0,ho-L4-1006,L4_batch_fanout_repeated_subcalls,legitimate,,42,,
S0,ho-L4-1007,L4_batch_fanout_repeated_subcalls,legitimate,,42,,
S0,ho-L4-1008,L4_batch_fanout_repeated_subcalls,legitimate,,48,,
S0,ho-L4-1009,L4_batch_fanout_repeated_subcalls,legitimate,,42,,
S0,ho-L5-1000,L5_idempotent_reread_after_write,legitimate,,21,,
S0,ho-L5-1001,L5_idempotent_reread_after_write,legitimate,,30,29,near_dup
S0,ho-L5-1002,L5_idempotent_reread_after_write,legitimate,,33,29,near_dup
S0,ho-L5-1003,L5_idempotent_reread_after_write,legitimate,,21,20,near_dup
S0,ho-L5-1004,L5_idempotent_reread_after_write,legitimate,,27,,
S0,ho-L5-1005,L5_idempotent_reread_after_write,legitimate,,24,,
S0,ho-L5-1006,L5_idempotent_reread_after_write,legitimate,,24,20,near_dup
S0,ho-L5-1007,L5_idempotent_reread_after_write,legitimate,,30,29,near_dup
S0,ho-L5-1008,L5_idempotent_reread_after_write,legitimate,,39,20,near_dup
S0,ho-L5-1009,L5_idempotent_reread_after_write,legitimate,,18,,
S0,ho-L6-1000,L6_test_fix_rerun,legitimate,,27,,
S0,ho-L6-1001,L6_test_fix_rerun,legitimate,,36,33,near_dup
S0,ho-L6-1002,L6_test_fix_rerun,legitimate,,42,21,near_dup
S0,ho-L6-1003,L6_test_fix_rerun,legitimate,,33,21,near_dup
S0,ho-L6-1004,L6_test_fix_rerun,legitimate,,45,33,near_dup
S0,ho-L6-1005,L6_test_fix_rerun,legitimate,,42,21,near_dup
S0,ho-L6-1006,L6_test_fix_rerun,legitimate,,30,27,near_dup
S0,ho-L6-1007,L6_test_fix_rerun,legitimate,,33,21,near_dup
S0,ho-L6-1008,L6_test_fix_rerun,legitimate,,39,21,near_dup
S0,ho-L6-1009,L6_test_fix_rerun,legitimate,,33,21,near_dup
S0,ho-L7-1000,L7_noisy_results_unchanged_state,legitimate,,23,,
S0,ho-L7-1001,L7_noisy_results_unchanged_state,legitimate,,9,,
S0,ho-L7-1002,L7_noisy_results_unchanged_state,legitimate,,19,,
S0,ho-L7-1003,L7_noisy_results_unchanged_state,legitimate,,18,,
S0,ho-L7-1004,L7_noisy_results_unchanged_state,legitimate,,14,,
S0,ho-L7-1005,L7_noisy_results_unchanged_state,legitimate,,13,,
S0,ho-L7-1006,L7_noisy_results_unchanged_state,legitimate,,25,,
S0,ho-L7-1007,L7_noisy_results_unchanged_state,legitimate,,19,,
S0,ho-L7-1008,L7_noisy_results_unchanged_state,legitimate,,11,,
S0,ho-L7-1009,L7_noisy_results_unchanged_state,legitimate,,15,,
S0,ho-L8-1000,L8_large_fanout_distinct,legitimate,,97,,
S0,ho-L8-1001,L8_large_fanout_distinct,legitimate,,61,,
S0,ho-L8-1002,L8_large_fanout_distinct,legitimate,,99,,
S0,ho-L8-1003,L8_large_fanout_distinct,legitimate,,35,,
S0,ho-L8-1004,L8_large_fanout_distinct,legitimate,,38,,
S0,ho-L8-1005,L8_large_fanout_distinct,legitimate,,52,,
S0,ho-L8-1006,L8_large_fanout_distinct,legitimate,,58,,
S0,ho-L8-1007,L8_large_fanout_distinct,legitimate,,73,,
S0,ho-L8-1008,L8_large_fanout_distinct,legitimate,,61,,
S0,ho-L8-1009,L8_large_fanout_distinct,legitimate,,27,,
S0,ho-L9-1000,L9_tree_crawl,legitimate,,37,,
S0,ho-L9-1001,L9_tree_crawl,legitimate,,28,,
S0,ho-L9-1002,L9_tree_crawl,legitimate,,35,,
S0,ho-L9-1003,L9_tree_crawl,legitimate,,44,,
S0,ho-L9-1004,L9_tree_crawl,legitimate,,44,,
S0,ho-L9-1005,L9_tree_crawl,legitimate,,58,,
S0,ho-L9-1006,L9_tree_crawl,legitimate,,30,,
S0,ho-L9-1007,L9_tree_crawl,legitimate,,30,,
S0,ho-L9-1008,L9_tree_crawl,legitimate,,54,,
S0,ho-L9-1009,L9_tree_crawl,legitimate,,44,,
S0,ho-L10-1000,L10_alternating_two_tool_distinct,legitimate,,54,,
S0,ho-L10-1001,L10_alternating_two_tool_distinct,legitimate,,74,,
S0,ho-L10-1002,L10_alternating_two_tool_distinct,legitimate,,40,,
S0,ho-L10-1003,L10_alternating_two_tool_distinct,legitimate,,88,,
S0,ho-L10-1004,L10_alternating_two_tool_distinct,legitimate,,84,,
S0,ho-L10-1005,L10_alternating_two_tool_distinct,legitimate,,42,,
S0,ho-L10-1006,L10_alternating_two_tool_distinct,legitimate,,42,,
S0,ho-L10-1007,L10_alternating_two_tool_distinct,legitimate,,46,,
S0,ho-L10-1008,L10_alternating_two_tool_distinct,legitimate,,66,,
S0,ho-L10-1009,L10_alternating_two_tool_distinct,legitimate,,74,,
S0,ho-L11-1000,L11_batch_polling_multi_job,legitimate,,60,17,cycle
S0,ho-L11-1001,L11_batch_polling_multi_job,legitimate,,36,11,cycle
S0,ho-L11-1002,L11_batch_polling_multi_job,legitimate,,40,11,cycle
S0,ho-L11-1003,L11_batch_polling_multi_job,legitimate,,48,17,cycle
S0,ho-L11-1004,L11_batch_polling_multi_job,legitimate,,40,11,cycle
S0,ho-L11-1005,L11_batch_polling_multi_job,legitimate,,54,17,cycle
S0,ho-L11-1006,L11_batch_polling_multi_job,legitimate,,40,11,cycle
S0,ho-L11-1007,L11_batch_polling_multi_job,legitimate,,60,17,cycle
S0,ho-L11-1008,L11_batch_polling_multi_job,legitimate,,48,17,cycle
S0,ho-L11-1009,L11_batch_polling_multi_job,legitimate,,60,17,cycle
S0,ho-hw-F-lcm3tool,hw_flood_3tool_cycle,flood,3,42,8,cycle
S0,ho-hw-F-oscillate,hw_flood_oscillating_edit,flood,5,60,11,cycle
S0,ho-hw-F-querycreep,hw_flood_query_creep,flood,1,40,37,near_dup
S0,ho-hw-F-poll-reread,hw_flood_poll_then_reread,flood,2,40,7,cycle
S0,ho-hw-F-sameerror,hw_flood_same_error_retry,flood,1,25,7,near_dup
S0,ho-hw-F-startdone3,hw_flood_startdone_3ids,flood,6,60,17,cycle
S0,ho-hw-L-poll60,hw_legit_poll_plateau60,legitimate,,61,7,near_dup
S0,ho-hw-L-backoff-capped,hw_legit_backoff_capped_plateau,legitimate,,10,,
S0,ho-hw-L-tokenrefresh,hw_legit_token_refresh_retry,legitimate,,4,,
S0,ho-hw-L-dup-page,hw_legit_pagination_duplicate_page,legitimate,,6,,
S0,ho-hw-L-resample45,hw_legit_repeated_subcalls_fanout,legitimate,,45,,
S0,ho-hw-L-write-read,hw_legit_write_read_verify,legitimate,,4,,
S0,ho-hw-L-testrerun,hw_legit_test_rerun_stagnation,legitimate,,12,,
S0,ho-hw-L-noisypoll,hw_legit_noisy_poll,legitimate,,16,,
S0,ho-hw-L-fanout70,hw_legit_fanout70_distinct,legitimate,,70,,
S0,ho-hw-L-oneretry,hw_legit_single_retry,legitimate,,2,,
S0,ho-hw-L-search-doc,hw_legit_alternating_search_doc,legitimate,,24,,
S0,ho-hw-L-monitor4,hw_legit_monitor_4_services,legitimate,,28,,
S0+cap64,ho-F1-1000,F1_slow_drift_offset,flood,1,51,,
S0+cap64,ho-F1-1001,F1_slow_drift_offset,flood,1,79,,
S0+cap64,ho-F1-1002,F1_slow_drift_offset,flood,1,50,,
S0+cap64,ho-F1-1003,F1_slow_drift_offset,flood,1,61,,
S0+cap64,ho-F1-1004,F1_slow_drift_offset,flood,1,75,,
S0+cap64,ho-F1-1005,F1_slow_drift_offset,flood,1,59,,
S0+cap64,ho-F1-1006,F1_slow_drift_offset,flood,1,79,,
S0+cap64,ho-F1-1007,F1_slow_drift_offset,flood,1,71,,
S0+cap64,ho-F2-1000,F2_slow_drift_timestamp,flood,1,70,,
S0+cap64,ho-F2-1001,F2_slow_drift_timestamp,flood,1,53,,
S0+cap64,ho-F2-1002,F2_slow_drift_timestamp,flood,1,66,,
S0+cap64,ho-F2-1003,F2_slow_drift_timestamp,flood,1,56,,
S0+cap64,ho-F2-1004,F2_slow_drift_timestamp,flood,1,57,,
S0+cap64,ho-F2-1005,F2_slow_drift_timestamp,flood,1,53,,
S0+cap64,ho-F2-1006,F2_slow_drift_timestamp,flood,1,53,,
S0+cap64,ho-F2-1007,F2_slow_drift_timestamp,flood,1,68,,
S0+cap64,ho-F3-1000,F3_mixed_tool_lcm_cycle,flood,12,144,95,distinct_ratio
S0+cap64,ho-F3-1001,F3_mixed_tool_lcm_cycle,flood,12,144,95,distinct_ratio
S0+cap64,ho-F3-1002,F3_mixed_tool_lcm_cycle,flood,10,144,58,near_dup
S0+cap64,ho-F3-1003,F3_mixed_tool_lcm_cycle,flood,12,144,95,distinct_ratio
S0+cap64,ho-F3-1004,F3_mixed_tool_lcm_cycle,flood,8,72,56,near_dup
S0+cap64,ho-F3-1005,F3_mixed_tool_lcm_cycle,flood,8,72,56,near_dup
S0+cap64,ho-F3-1006,F3_mixed_tool_lcm_cycle,flood,10,144,58,near_dup
S0+cap64,ho-F3-1007,F3_mixed_tool_lcm_cycle,flood,10,144,58,near_dup
S0+cap64,ho-F4-1000,F4_noisy_result_repeat,flood,1,47,,
S0+cap64,ho-F4-1001,F4_noisy_result_repeat,flood,1,49,,
S0+cap64,ho-F4-1002,F4_noisy_result_repeat,flood,1,37,,
S0+cap64,ho-F4-1003,F4_noisy_result_repeat,flood,1,41,,
S0+cap64,ho-F4-1004,F4_noisy_result_repeat,flood,1,39,,
S0+cap64,ho-F4-1005,F4_noisy_result_repeat,flood,1,38,,
S0+cap64,ho-F4-1006,F4_noisy_result_repeat,flood,1,48,,
S0+cap64,ho-F4-1007,F4_noisy_result_repeat,flood,1,35,,
S0+cap64,ho-F5-1000,F5_low_rate_with_heartbeat,flood,4,104,28,near_dup
S0+cap64,ho-F5-1001,F5_low_rate_with_heartbeat,flood,4,108,28,near_dup
S0+cap64,ho-F5-1002,F5_low_rate_with_heartbeat,flood,4,104,28,near_dup
S0+cap64,ho-F5-1003,F5_low_rate_with_heartbeat,flood,4,108,28,near_dup
S0+cap64,ho-F5-1004,F5_low_rate_with_heartbeat,flood,4,92,28,near_dup
S0+cap64,ho-F5-1005,F5_low_rate_with_heartbeat,flood,4,104,28,near_dup
S0+cap64,ho-F5-1006,F5_low_rate_with_heartbeat,flood,4,104,28,near_dup
S0+cap64,ho-F5-1007,F5_low_rate_with_heartbeat,flood,4,88,28,near_dup
S0+cap64,ho-F6-1000,F6_flood_after_legit_prefix,flood,27,117,40,cycle
S0+cap64,ho-F6-1001,F6_flood_after_legit_prefix,flood,29,115,42,cycle
S0+cap64,ho-F6-1002,F6_flood_after_legit_prefix,flood,32,118,49,cycle
S0+cap64,ho-F6-1003,F6_flood_after_legit_prefix,flood,29,119,40,cycle
S0+cap64,ho-F6-1004,F6_flood_after_legit_prefix,flood,28,126,43,cycle
S0+cap64,ho-F6-1005,F6_flood_after_legit_prefix,flood,28,130,41,cycle
S0+cap64,ho-F6-1006,F6_flood_after_legit_prefix,flood,28,116,45,cycle
S0+cap64,ho-F6-1007,F6_flood_after_legit_prefix,flood,29,124,46,cycle
S0+cap64,ho-F7-1000,F7_startdone_rotating_permuted_ids,flood,42,126,64,cap
S0+cap64,ho-F7-1001,F7_startdone_rotating_permuted_ids,flood,38,114,64,cap
S0+cap64,ho-F7-1002,F7_startdone_rotating_permuted_ids,flood,54,162,64,cap
S0+cap64,ho-F7-1003,F7_startdone_rotating_permuted_ids,flood,42,126,64,cap
S0+cap64,ho-F7-1004,F7_startdone_rotating_permuted_ids,flood,40,120,64,cap
S0+cap64,ho-F7-1005,F7_startdone_rotating_permuted_ids,flood,38,114,64,cap
S0+cap64,ho-F7-1006,F7_startdone_rotating_permuted_ids,flood,42,126,64,cap
S0+cap64,ho-F7-1007,F7_startdone_rotating_permuted_ids,flood,46,138,64,cap
S0+cap64,ho-F8-1000,F8_oscillating_edit_same_failure,flood,5,90,11,cycle
S0+cap64,ho-F8-1001,F8_oscillating_edit_same_failure,flood,5,60,11,cycle
S0+cap64,ho-F8-1002,F8_oscillating_edit_same_failure,flood,5,66,11,cycle
S0+cap64,ho-F8-1003,F8_oscillating_edit_same_failure,flood,5,76,11,cycle
S0+cap64,ho-F8-1004,F8_oscillating_edit_same_failure,flood,5,80,11,cycle
S0+cap64,ho-F8-1005,F8_oscillating_edit_same_failure,flood,5,60,11,cycle
S0+cap64,ho-F8-1006,F8_oscillating_edit_same_failure,flood,5,68,11,cycle
S0+cap64,ho-F8-1007,F8_oscillating_edit_same_failure,flood,5,88,11,cycle
S0+cap64,ho-F9-1000,F9_growing_batch_repeat,flood,12,105,38,cross_turn
S0+cap64,ho-F9-1001,F9_growing_batch_repeat,flood,10,91,32,cross_turn
S0+cap64,ho-F9-1002,F9_growing_batch_repeat,flood,12,105,38,cross_turn
S0+cap64,ho-F9-1003,F9_growing_batch_repeat,flood,11,116,35,cross_turn
S0+cap64,ho-F9-1004,F9_growing_batch_repeat,flood,8,77,37,cross_turn
S0+cap64,ho-F9-1005,F9_growing_batch_repeat,flood,14,119,44,cross_turn
S0+cap64,ho-F9-1006,F9_growing_batch_repeat,flood,9,117,29,cross_turn
S0+cap64,ho-F9-1007,F9_growing_batch_repeat,flood,9,117,29,cross_turn
S0+cap64,ho-L1-1000,L1_poll_long_plateau,legitimate,,23,7,near_dup
S0+cap64,ho-L1-1001,L1_poll_long_plateau,legitimate,,25,7,near_dup
S0+cap64,ho-L1-1002,L1_poll_long_plateau,legitimate,,32,7,near_dup
S0+cap64,ho-L1-1003,L1_poll_long_plateau,legitimate,,30,7,near_dup
S0+cap64,ho-L1-1004,L1_poll_long_plateau,legitimate,,15,7,near_dup
S0+cap64,ho-L1-1005,L1_poll_long_plateau,legitimate,,41,7,near_dup
S0+cap64,ho-L1-1006,L1_poll_long_plateau,legitimate,,25,7,near_dup
S0+cap64,ho-L1-1007,L1_poll_long_plateau,legitimate,,45,7,near_dup
S0+cap64,ho-L1-1008,L1_poll_long_plateau,legitimate,,32,7,near_dup
S0+cap64,ho-L1-1009,L1_poll_long_plateau,legitimate,,37,7,near_dup
S0+cap64,ho-L2-1000,L2_retries_backoff_refresh,legitimate,,8,,
S0+cap64,ho-L2-1001,L2_retries_backoff_refresh,legitimate,,6,,
S0+cap64,ho-L2-1002,L2_retries_backoff_refresh,legitimate,,9,,
S0+cap64,ho-L2-1003,L2_retries_backoff_refresh,legitimate,,9,,
S0+cap64,ho-L2-1004,L2_retries_backoff_refresh,legitimate,,10,,
S0+cap64,ho-L2-1005,L2_retries_backoff_refresh,legitimate,,10,,
S0+cap64,ho-L2-1006,L2_retries_backoff_refresh,legitimate,,8,,
S0+cap64,ho-L2-1007,L2_retries_backoff_refresh,legitimate,,7,,
S0+cap64,ho-L2-1008,L2_retries_backoff_refresh,legitimate,,10,,
S0+cap64,ho-L2-1009,L2_retries_backoff_refresh,legitimate,,7,,
S0+cap64,ho-L3-1000,L3_paginated_cursor_quirks,legitimate,,42,,
S0+cap64,ho-L3-1001,L3_paginated_cursor_quirks,legitimate,,32,,
S0+cap64,ho-L3-1002,L3_paginated_cursor_quirks,legitimate,,28,,
S0+cap64,ho-L3-1003,L3_paginated_cursor_quirks,legitimate,,39,,
S0+cap64,ho-L3-1004,L3_paginated_cursor_quirks,legitimate,,39,,
S0+cap64,ho-L3-1005,L3_paginated_cursor_quirks,legitimate,,32,,
S0+cap64,ho-L3-1006,L3_paginated_cursor_quirks,legitimate,,31,,
S0+cap64,ho-L3-1007,L3_paginated_cursor_quirks,legitimate,,32,,
S0+cap64,ho-L3-1008,L3_paginated_cursor_quirks,legitimate,,33,,
S0+cap64,ho-L3-1009,L3_paginated_cursor_quirks,legitimate,,41,,
S0+cap64,ho-L4-1000,L4_batch_fanout_repeated_subcalls,legitimate,,30,,
S0+cap64,ho-L4-1001,L4_batch_fanout_repeated_subcalls,legitimate,,30,,
S0+cap64,ho-L4-1002,L4_batch_fanout_repeated_subcalls,legitimate,,42,,
S0+cap64,ho-L4-1003,L4_batch_fanout_repeated_subcalls,legitimate,,30,,
S0+cap64,ho-L4-1004,L4_batch_fanout_repeated_subcalls,legitimate,,30,,
S0+cap64,ho-L4-1005,L4_batch_fanout_repeated_subcalls,legitimate,,36,,
S0+cap64,ho-L4-1006,L4_batch_fanout_repeated_subcalls,legitimate,,42,,
S0+cap64,ho-L4-1007,L4_batch_fanout_repeated_subcalls,legitimate,,42,,
S0+cap64,ho-L4-1008,L4_batch_fanout_repeated_subcalls,legitimate,,48,,
S0+cap64,ho-L4-1009,L4_batch_fanout_repeated_subcalls,legitimate,,42,,
S0+cap64,ho-L5-1000,L5_idempotent_reread_after_write,legitimate,,21,,
S0+cap64,ho-L5-1001,L5_idempotent_reread_after_write,legitimate,,30,29,near_dup
S0+cap64,ho-L5-1002,L5_idempotent_reread_after_write,legitimate,,33,29,near_dup
S0+cap64,ho-L5-1003,L5_idempotent_reread_after_write,legitimate,,21,20,near_dup
S0+cap64,ho-L5-1004,L5_idempotent_reread_after_write,legitimate,,27,,
S0+cap64,ho-L5-1005,L5_idempotent_reread_after_write,legitimate,,24,,
S0+cap64,ho-L5-1006,L5_idempotent_reread_after_write,legitimate,,24,20,near_dup
S0+cap64,ho-L5-1007,L5_idempotent_reread_after_write,legitimate,,30,29,near_dup
S0+cap64,ho-L5-1008,L5_idempotent_reread_after_write,legitimate,,39,20,near_dup
S0+cap64,ho-L5-1009,L5_idempotent_reread_after_write,legitimate,,18,,
S0+cap64,ho-L6-1000,L6_test_fix_rerun,legitimate,,27,,
S0+cap64,ho-L6-1001,L6_test_fix_rerun,legitimate,,36,33,near_dup
S0+cap64,ho-L6-1002,L6_test_fix_rerun,legitimate,,42,21,near_dup
S0+cap64,ho-L6-1003,L6_test_fix_rerun,legitimate,,33,21,near_dup
S0+cap64,ho-L6-1004,L6_test_fix_rerun,legitimate,,45,33,near_dup
S0+cap64,ho-L6-1005,L6_test_fix_rerun,legitimate,,42,21,near_dup
S0+cap64,ho-L6-1006,L6_test_fix_rerun,legitimate,,30,27,near_dup
S0+cap64,ho-L6-1007,L6_test_fix_rerun,legitimate,,33,21,near_dup
S0+cap64,ho-L6-1008,L6_test_fix_rerun,legitimate,,39,21,near_dup
S0+cap64,ho-L6-1009,L6_test_fix_rerun,legitimate,,33,21,near_dup
S0+cap64,ho-L7-1000,L7_noisy_results_unchanged_state,legitimate,,23,,
S0+cap64,ho-L7-1001,L7_noisy_results_unchanged_state,legitimate,,9,,
S0+cap64,ho-L7-1002,L7_noisy_results_unchanged_state,legitimate,,19,,
S0+cap64,ho-L7-1003,L7_noisy_results_unchanged_state,legitimate,,18,,
S0+cap64,ho-L7-1004,L7_noisy_results_unchanged_state,legitimate,,14,,
S0+cap64,ho-L7-1005,L7_noisy_results_unchanged_state,legitimate,,13,,
S0+cap64,ho-L7-1006,L7_noisy_results_unchanged_state,legitimate,,25,,
S0+cap64,ho-L7-1007,L7_noisy_results_unchanged_state,legitimate,,19,,
S0+cap64,ho-L7-1008,L7_noisy_results_unchanged_state,legitimate,,11,,
S0+cap64,ho-L7-1009,L7_noisy_results_unchanged_state,legitimate,,15,,
S0+cap64,ho-L8-1000,L8_large_fanout_distinct,legitimate,,97,64,cap
S0+cap64,ho-L8-1001,L8_large_fanout_distinct,legitimate,,61,,
S0+cap64,ho-L8-1002,L8_large_fanout_distinct,legitimate,,99,64,cap
S0+cap64,ho-L8-1003,L8_large_fanout_distinct,legitimate,,35,,
S0+cap64,ho-L8-1004,L8_large_fanout_distinct,legitimate,,38,,
S0+cap64,ho-L8-1005,L8_large_fanout_distinct,legitimate,,52,,
S0+cap64,ho-L8-1006,L8_large_fanout_distinct,legitimate,,58,,
S0+cap64,ho-L8-1007,L8_large_fanout_distinct,legitimate,,73,64,cap
S0+cap64,ho-L8-1008,L8_large_fanout_distinct,legitimate,,61,,
S0+cap64,ho-L8-1009,L8_large_fanout_distinct,legitimate,,27,,
S0+cap64,ho-L9-1000,L9_tree_crawl,legitimate,,37,,
S0+cap64,ho-L9-1001,L9_tree_crawl,legitimate,,28,,
S0+cap64,ho-L9-1002,L9_tree_crawl,legitimate,,35,,
S0+cap64,ho-L9-1003,L9_tree_crawl,legitimate,,44,,
S0+cap64,ho-L9-1004,L9_tree_crawl,legitimate,,44,,
S0+cap64,ho-L9-1005,L9_tree_crawl,legitimate,,58,,
S0+cap64,ho-L9-1006,L9_tree_crawl,legitimate,,30,,
S0+cap64,ho-L9-1007,L9_tree_crawl,legitimate,,30,,
S0+cap64,ho-L9-1008,L9_tree_crawl,legitimate,,54,,
S0+cap64,ho-L9-1009,L9_tree_crawl,legitimate,,44,,
S0+cap64,ho-L10-1000,L10_alternating_two_tool_distinct,legitimate,,54,,
S0+cap64,ho-L10-1001,L10_alternating_two_tool_distinct,legitimate,,74,,
S0+cap64,ho-L10-1002,L10_alternating_two_tool_distinct,legitimate,,40,,
S0+cap64,ho-L10-1003,L10_alternating_two_tool_distinct,legitimate,,88,,
S0+cap64,ho-L10-1004,L10_alternating_two_tool_distinct,legitimate,,84,,
S0+cap64,ho-L10-1005,L10_alternating_two_tool_distinct,legitimate,,42,,
S0+cap64,ho-L10-1006,L10_alternating_two_tool_distinct,legitimate,,42,,
S0+cap64,ho-L10-1007,L10_alternating_two_tool_distinct,legitimate,,46,,
S0+cap64,ho-L10-1008,L10_alternating_two_tool_distinct,legitimate,,66,,
S0+cap64,ho-L10-1009,L10_alternating_two_tool_distinct,legitimate,,74,,
S0+cap64,ho-L11-1000,L11_batch_polling_multi_job,legitimate,,60,17,cycle
S0+cap64,ho-L11-1001,L11_batch_polling_multi_job,legitimate,,36,11,cycle
S0+cap64,ho-L11-1002,L11_batch_polling_multi_job,legitimate,,40,11,cycle
S0+cap64,ho-L11-1003,L11_batch_polling_multi_job,legitimate,,48,17,cycle
S0+cap64,ho-L11-1004,L11_batch_polling_multi_job,legitimate,,40,11,cycle
S0+cap64,ho-L11-1005,L11_batch_polling_multi_job,legitimate,,54,17,cycle
S0+cap64,ho-L11-1006,L11_batch_polling_multi_job,legitimate,,40,11,cycle
S0+cap64,ho-L11-1007,L11_batch_polling_multi_job,legitimate,,60,17,cycle
S0+cap64,ho-L11-1008,L11_batch_polling_multi_job,legitimate,,48,17,cycle
S0+cap64,ho-L11-1009,L11_batch_polling_multi_job,legitimate,,60,17,cycle
S0+cap64,ho-hw-F-lcm3tool,hw_flood_3tool_cycle,flood,3,42,8,cycle
S0+cap64,ho-hw-F-oscillate,hw_flood_oscillating_edit,flood,5,60,11,cycle
S0+cap64,ho-hw-F-querycreep,hw_flood_query_creep,flood,1,40,37,near_dup
S0+cap64,ho-hw-F-poll-reread,hw_flood_poll_then_reread,flood,2,40,7,cycle
S0+cap64,ho-hw-F-sameerror,hw_flood_same_error_retry,flood,1,25,7,near_dup
S0+cap64,ho-hw-F-startdone3,hw_flood_startdone_3ids,flood,6,60,17,cycle
S0+cap64,ho-hw-L-poll60,hw_legit_poll_plateau60,legitimate,,61,7,near_dup
S0+cap64,ho-hw-L-backoff-capped,hw_legit_backoff_capped_plateau,legitimate,,10,,
S0+cap64,ho-hw-L-tokenrefresh,hw_legit_token_refresh_retry,legitimate,,4,,
S0+cap64,ho-hw-L-dup-page,hw_legit_pagination_duplicate_page,legitimate,,6,,
S0+cap64,ho-hw-L-resample45,hw_legit_repeated_subcalls_fanout,legitimate,,45,,
S0+cap64,ho-hw-L-write-read,hw_legit_write_read_verify,legitimate,,4,,
S0+cap64,ho-hw-L-testrerun,hw_legit_test_rerun_stagnation,legitimate,,12,,
S0+cap64,ho-hw-L-noisypoll,hw_legit_noisy_poll,legitimate,,16,,
S0+cap64,ho-hw-L-fanout70,hw_legit_fanout70_distinct,legitimate,,70,64,cap
S0+cap64,ho-hw-L-oneretry,hw_legit_single_retry,legitimate,,2,,
S0+cap64,ho-hw-L-search-doc,hw_legit_alternating_search_doc,legitimate,,24,,
S0+cap64,ho-hw-L-monitor4,hw_legit_monitor_4_services,legitimate,,28,,
S0+cap128,ho-F1-1000,F1_slow_drift_offset,flood,1,51,,
S0+cap128,ho-F1-1001,F1_slow_drift_offset,flood,1,79,,
S0+cap128,ho-F1-1002,F1_slow_drift_offset,flood,1,50,,
S0+cap128,ho-F1-1003,F1_slow_drift_offset,flood,1,61,,
S0+cap128,ho-F1-1004,F1_slow_drift_offset,flood,1,75,,
S0+cap128,ho-F1-1005,F1_slow_drift_offset,flood,1,59,,
S0+cap128,ho-F1-1006,F1_slow_drift_offset,flood,1,79,,
S0+cap128,ho-F1-1007,F1_slow_drift_offset,flood,1,71,,
S0+cap128,ho-F2-1000,F2_slow_drift_timestamp,flood,1,70,,
S0+cap128,ho-F2-1001,F2_slow_drift_timestamp,flood,1,53,,
S0+cap128,ho-F2-1002,F2_slow_drift_timestamp,flood,1,66,,
S0+cap128,ho-F2-1003,F2_slow_drift_timestamp,flood,1,56,,
S0+cap128,ho-F2-1004,F2_slow_drift_timestamp,flood,1,57,,
S0+cap128,ho-F2-1005,F2_slow_drift_timestamp,flood,1,53,,
S0+cap128,ho-F2-1006,F2_slow_drift_timestamp,flood,1,53,,
S0+cap128,ho-F2-1007,F2_slow_drift_timestamp,flood,1,68,,
S0+cap128,ho-F3-1000,F3_mixed_tool_lcm_cycle,flood,12,144,95,distinct_ratio
S0+cap128,ho-F3-1001,F3_mixed_tool_lcm_cycle,flood,12,144,95,distinct_ratio
S0+cap128,ho-F3-1002,F3_mixed_tool_lcm_cycle,flood,10,144,58,near_dup
S0+cap128,ho-F3-1003,F3_mixed_tool_lcm_cycle,flood,12,144,95,distinct_ratio
S0+cap128,ho-F3-1004,F3_mixed_tool_lcm_cycle,flood,8,72,56,near_dup
S0+cap128,ho-F3-1005,F3_mixed_tool_lcm_cycle,flood,8,72,56,near_dup
S0+cap128,ho-F3-1006,F3_mixed_tool_lcm_cycle,flood,10,144,58,near_dup
S0+cap128,ho-F3-1007,F3_mixed_tool_lcm_cycle,flood,10,144,58,near_dup
S0+cap128,ho-F4-1000,F4_noisy_result_repeat,flood,1,47,,
S0+cap128,ho-F4-1001,F4_noisy_result_repeat,flood,1,49,,
S0+cap128,ho-F4-1002,F4_noisy_result_repeat,flood,1,37,,
S0+cap128,ho-F4-1003,F4_noisy_result_repeat,flood,1,41,,
S0+cap128,ho-F4-1004,F4_noisy_result_repeat,flood,1,39,,
S0+cap128,ho-F4-1005,F4_noisy_result_repeat,flood,1,38,,
S0+cap128,ho-F4-1006,F4_noisy_result_repeat,flood,1,48,,
S0+cap128,ho-F4-1007,F4_noisy_result_repeat,flood,1,35,,
S0+cap128,ho-F5-1000,F5_low_rate_with_heartbeat,flood,4,104,28,near_dup
S0+cap128,ho-F5-1001,F5_low_rate_with_heartbeat,flood,4,108,28,near_dup
S0+cap128,ho-F5-1002,F5_low_rate_with_heartbeat,flood,4,104,28,near_dup
S0+cap128,ho-F5-1003,F5_low_rate_with_heartbeat,flood,4,108,28,near_dup
S0+cap128,ho-F5-1004,F5_low_rate_with_heartbeat,flood,4,92,28,near_dup
S0+cap128,ho-F5-1005,F5_low_rate_with_heartbeat,flood,4,104,28,near_dup
S0+cap128,ho-F5-1006,F5_low_rate_with_heartbeat,flood,4,104,28,near_dup
S0+cap128,ho-F5-1007,F5_low_rate_with_heartbeat,flood,4,88,28,near_dup
S0+cap128,ho-F6-1000,F6_flood_after_legit_prefix,flood,27,117,40,cycle
S0+cap128,ho-F6-1001,F6_flood_after_legit_prefix,flood,29,115,42,cycle
S0+cap128,ho-F6-1002,F6_flood_after_legit_prefix,flood,32,118,49,cycle
S0+cap128,ho-F6-1003,F6_flood_after_legit_prefix,flood,29,119,40,cycle
S0+cap128,ho-F6-1004,F6_flood_after_legit_prefix,flood,28,126,43,cycle
S0+cap128,ho-F6-1005,F6_flood_after_legit_prefix,flood,28,130,41,cycle
S0+cap128,ho-F6-1006,F6_flood_after_legit_prefix,flood,28,116,45,cycle
S0+cap128,ho-F6-1007,F6_flood_after_legit_prefix,flood,29,124,46,cycle
S0+cap128,ho-F7-1000,F7_startdone_rotating_permuted_ids,flood,42,126,,
S0+cap128,ho-F7-1001,F7_startdone_rotating_permuted_ids,flood,38,114,95,distinct_ratio
S0+cap128,ho-F7-1002,F7_startdone_rotating_permuted_ids,flood,54,162,128,cap
S0+cap128,ho-F7-1003,F7_startdone_rotating_permuted_ids,flood,42,126,,
S0+cap128,ho-F7-1004,F7_startdone_rotating_permuted_ids,flood,40,120,,
S0+cap128,ho-F7-1005,F7_startdone_rotating_permuted_ids,flood,38,114,95,distinct_ratio
S0+cap128,ho-F7-1006,F7_startdone_rotating_permuted_ids,flood,42,126,,
S0+cap128,ho-F7-1007,F7_startdone_rotating_permuted_ids,flood,46,138,128,cap
S0+cap128,ho-F8-1000,F8_oscillating_edit_same_failure,flood,5,90,11,cycle
S0+cap128,ho-F8-1001,F8_oscillating_edit_same_failure,flood,5,60,11,cycle
S0+cap128,ho-F8-1002,F8_oscillating_edit_same_failure,flood,5,66,11,cycle
S0+cap128,ho-F8-1003,F8_oscillating_edit_same_failure,flood,5,76,11,cycle
S0+cap128,ho-F8-1004,F8_oscillating_edit_same_failure,flood,5,80,11,cycle
S0+cap128,ho-F8-1005,F8_oscillating_edit_same_failure,flood,5,60,11,cycle
S0+cap128,ho-F8-1006,F8_oscillating_edit_same_failure,flood,5,68,11,cycle
S0+cap128,ho-F8-1007,F8_oscillating_edit_same_failure,flood,5,88,11,cycle
S0+cap128,ho-F9-1000,F9_growing_batch_repeat,flood,12,105,38,cross_turn
S0+cap128,ho-F9-1001,F9_growing_batch_repeat,flood,10,91,32,cross_turn
S0+cap128,ho-F9-1002,F9_growing_batch_repeat,flood,12,105,38,cross_turn
S0+cap128,ho-F9-1003,F9_growing_batch_repeat,flood,11,116,35,cross_turn
S0+cap128,ho-F9-1004,F9_growing_batch_repeat,flood,8,77,37,cross_turn
S0+cap128,ho-F9-1005,F9_growing_batch_repeat,flood,14,119,44,cross_turn
S0+cap128,ho-F9-1006,F9_growing_batch_repeat,flood,9,117,29,cross_turn
S0+cap128,ho-F9-1007,F9_growing_batch_repeat,flood,9,117,29,cross_turn
S0+cap128,ho-L1-1000,L1_poll_long_plateau,legitimate,,23,7,near_dup
S0+cap128,ho-L1-1001,L1_poll_long_plateau,legitimate,,25,7,near_dup
S0+cap128,ho-L1-1002,L1_poll_long_plateau,legitimate,,32,7,near_dup
S0+cap128,ho-L1-1003,L1_poll_long_plateau,legitimate,,30,7,near_dup
S0+cap128,ho-L1-1004,L1_poll_long_plateau,legitimate,,15,7,near_dup
S0+cap128,ho-L1-1005,L1_poll_long_plateau,legitimate,,41,7,near_dup
S0+cap128,ho-L1-1006,L1_poll_long_plateau,legitimate,,25,7,near_dup
S0+cap128,ho-L1-1007,L1_poll_long_plateau,legitimate,,45,7,near_dup
S0+cap128,ho-L1-1008,L1_poll_long_plateau,legitimate,,32,7,near_dup
S0+cap128,ho-L1-1009,L1_poll_long_plateau,legitimate,,37,7,near_dup
S0+cap128,ho-L2-1000,L2_retries_backoff_refresh,legitimate,,8,,
S0+cap128,ho-L2-1001,L2_retries_backoff_refresh,legitimate,,6,,
S0+cap128,ho-L2-1002,L2_retries_backoff_refresh,legitimate,,9,,
S0+cap128,ho-L2-1003,L2_retries_backoff_refresh,legitimate,,9,,
S0+cap128,ho-L2-1004,L2_retries_backoff_refresh,legitimate,,10,,
S0+cap128,ho-L2-1005,L2_retries_backoff_refresh,legitimate,,10,,
S0+cap128,ho-L2-1006,L2_retries_backoff_refresh,legitimate,,8,,
S0+cap128,ho-L2-1007,L2_retries_backoff_refresh,legitimate,,7,,
S0+cap128,ho-L2-1008,L2_retries_backoff_refresh,legitimate,,10,,
S0+cap128,ho-L2-1009,L2_retries_backoff_refresh,legitimate,,7,,
S0+cap128,ho-L3-1000,L3_paginated_cursor_quirks,legitimate,,42,,
S0+cap128,ho-L3-1001,L3_paginated_cursor_quirks,legitimate,,32,,
S0+cap128,ho-L3-1002,L3_paginated_cursor_quirks,legitimate,,28,,
S0+cap128,ho-L3-1003,L3_paginated_cursor_quirks,legitimate,,39,,
S0+cap128,ho-L3-1004,L3_paginated_cursor_quirks,legitimate,,39,,
S0+cap128,ho-L3-1005,L3_paginated_cursor_quirks,legitimate,,32,,
S0+cap128,ho-L3-1006,L3_paginated_cursor_quirks,legitimate,,31,,
S0+cap128,ho-L3-1007,L3_paginated_cursor_quirks,legitimate,,32,,
S0+cap128,ho-L3-1008,L3_paginated_cursor_quirks,legitimate,,33,,
S0+cap128,ho-L3-1009,L3_paginated_cursor_quirks,legitimate,,41,,
S0+cap128,ho-L4-1000,L4_batch_fanout_repeated_subcalls,legitimate,,30,,
S0+cap128,ho-L4-1001,L4_batch_fanout_repeated_subcalls,legitimate,,30,,
S0+cap128,ho-L4-1002,L4_batch_fanout_repeated_subcalls,legitimate,,42,,
S0+cap128,ho-L4-1003,L4_batch_fanout_repeated_subcalls,legitimate,,30,,
S0+cap128,ho-L4-1004,L4_batch_fanout_repeated_subcalls,legitimate,,30,,
S0+cap128,ho-L4-1005,L4_batch_fanout_repeated_subcalls,legitimate,,36,,
S0+cap128,ho-L4-1006,L4_batch_fanout_repeated_subcalls,legitimate,,42,,
S0+cap128,ho-L4-1007,L4_batch_fanout_repeated_subcalls,legitimate,,42,,
S0+cap128,ho-L4-1008,L4_batch_fanout_repeated_subcalls,legitimate,,48,,
S0+cap128,ho-L4-1009,L4_batch_fanout_repeated_subcalls,legitimate,,42,,
S0+cap128,ho-L5-1000,L5_idempotent_reread_after_write,legitimate,,21,,
S0+cap128,ho-L5-1001,L5_idempotent_reread_after_write,legitimate,,30,29,near_dup
S0+cap128,ho-L5-1002,L5_idempotent_reread_after_write,legitimate,,33,29,near_dup
S0+cap128,ho-L5-1003,L5_idempotent_reread_after_write,legitimate,,21,20,near_dup
S0+cap128,ho-L5-1004,L5_idempotent_reread_after_write,legitimate,,27,,
S0+cap128,ho-L5-1005,L5_idempotent_reread_after_write,legitimate,,24,,
S0+cap128,ho-L5-1006,L5_idempotent_reread_after_write,legitimate,,24,20,near_dup
S0+cap128,ho-L5-1007,L5_idempotent_reread_after_write,legitimate,,30,29,near_dup
S0+cap128,ho-L5-1008,L5_idempotent_reread_after_write,legitimate,,39,20,near_dup
S0+cap128,ho-L5-1009,L5_idempotent_reread_after_write,legitimate,,18,,
S0+cap128,ho-L6-1000,L6_test_fix_rerun,legitimate,,27,,
S0+cap128,ho-L6-1001,L6_test_fix_rerun,legitimate,,36,33,near_dup
S0+cap128,ho-L6-1002,L6_test_fix_rerun,legitimate,,42,21,near_dup
S0+cap128,ho-L6-1003,L6_test_fix_rerun,legitimate,,33,21,near_dup
S0+cap128,ho-L6-1004,L6_test_fix_rerun,legitimate,,45,33,near_dup
S0+cap128,ho-L6-1005,L6_test_fix_rerun,legitimate,,42,21,near_dup
S0+cap128,ho-L6-1006,L6_test_fix_rerun,legitimate,,30,27,near_dup
S0+cap128,ho-L6-1007,L6_test_fix_rerun,legitimate,,33,21,near_dup
S0+cap128,ho-L6-1008,L6_test_fix_rerun,legitimate,,39,21,near_dup
S0+cap128,ho-L6-1009,L6_test_fix_rerun,legitimate,,33,21,near_dup
S0+cap128,ho-L7-1000,L7_noisy_results_unchanged_state,legitimate,,23,,
S0+cap128,ho-L7-1001,L7_noisy_results_unchanged_state,legitimate,,9,,
S0+cap128,ho-L7-1002,L7_noisy_results_unchanged_state,legitimate,,19,,
S0+cap128,ho-L7-1003,L7_noisy_results_unchanged_state,legitimate,,18,,
S0+cap128,ho-L7-1004,L7_noisy_results_unchanged_state,legitimate,,14,,
S0+cap128,ho-L7-1005,L7_noisy_results_unchanged_state,legitimate,,13,,
S0+cap128,ho-L7-1006,L7_noisy_results_unchanged_state,legitimate,,25,,
S0+cap128,ho-L7-1007,L7_noisy_results_unchanged_state,legitimate,,19,,
S0+cap128,ho-L7-1008,L7_noisy_results_unchanged_state,legitimate,,11,,
S0+cap128,ho-L7-1009,L7_noisy_results_unchanged_state,legitimate,,15,,
S0+cap128,ho-L8-1000,L8_large_fanout_distinct,legitimate,,97,,
S0+cap128,ho-L8-1001,L8_large_fanout_distinct,legitimate,,61,,
S0+cap128,ho-L8-1002,L8_large_fanout_distinct,legitimate,,99,,
S0+cap128,ho-L8-1003,L8_large_fanout_distinct,legitimate,,35,,
S0+cap128,ho-L8-1004,L8_large_fanout_distinct,legitimate,,38,,
S0+cap128,ho-L8-1005,L8_large_fanout_distinct,legitimate,,52,,
S0+cap128,ho-L8-1006,L8_large_fanout_distinct,legitimate,,58,,
S0+cap128,ho-L8-1007,L8_large_fanout_distinct,legitimate,,73,,
S0+cap128,ho-L8-1008,L8_large_fanout_distinct,legitimate,,61,,
S0+cap128,ho-L8-1009,L8_large_fanout_distinct,legitimate,,27,,
S0+cap128,ho-L9-1000,L9_tree_crawl,legitimate,,37,,
S0+cap128,ho-L9-1001,L9_tree_crawl,legitimate,,28,,
S0+cap128,ho-L9-1002,L9_tree_crawl,legitimate,,35,,
S0+cap128,ho-L9-1003,L9_tree_crawl,legitimate,,44,,
S0+cap128,ho-L9-1004,L9_tree_crawl,legitimate,,44,,
S0+cap128,ho-L9-1005,L9_tree_crawl,legitimate,,58,,
S0+cap128,ho-L9-1006,L9_tree_crawl,legitimate,,30,,
S0+cap128,ho-L9-1007,L9_tree_crawl,legitimate,,30,,
S0+cap128,ho-L9-1008,L9_tree_crawl,legitimate,,54,,
S0+cap128,ho-L9-1009,L9_tree_crawl,legitimate,,44,,
S0+cap128,ho-L10-1000,L10_alternating_two_tool_distinct,legitimate,,54,,
S0+cap128,ho-L10-1001,L10_alternating_two_tool_distinct,legitimate,,74,,
S0+cap128,ho-L10-1002,L10_alternating_two_tool_distinct,legitimate,,40,,
S0+cap128,ho-L10-1003,L10_alternating_two_tool_distinct,legitimate,,88,,
S0+cap128,ho-L10-1004,L10_alternating_two_tool_distinct,legitimate,,84,,
S0+cap128,ho-L10-1005,L10_alternating_two_tool_distinct,legitimate,,42,,
S0+cap128,ho-L10-1006,L10_alternating_two_tool_distinct,legitimate,,42,,
S0+cap128,ho-L10-1007,L10_alternating_two_tool_distinct,legitimate,,46,,
S0+cap128,ho-L10-1008,L10_alternating_two_tool_distinct,legitimate,,66,,
S0+cap128,ho-L10-1009,L10_alternating_two_tool_distinct,legitimate,,74,,
S0+cap128,ho-L11-1000,L11_batch_polling_multi_job,legitimate,,60,17,cycle
S0+cap128,ho-L11-1001,L11_batch_polling_multi_job,legitimate,,36,11,cycle
S0+cap128,ho-L11-1002,L11_batch_polling_multi_job,legitimate,,40,11,cycle
S0+cap128,ho-L11-1003,L11_batch_polling_multi_job,legitimate,,48,17,cycle
S0+cap128,ho-L11-1004,L11_batch_polling_multi_job,legitimate,,40,11,cycle
S0+cap128,ho-L11-1005,L11_batch_polling_multi_job,legitimate,,54,17,cycle
S0+cap128,ho-L11-1006,L11_batch_polling_multi_job,legitimate,,40,11,cycle
S0+cap128,ho-L11-1007,L11_batch_polling_multi_job,legitimate,,60,17,cycle
S0+cap128,ho-L11-1008,L11_batch_polling_multi_job,legitimate,,48,17,cycle
S0+cap128,ho-L11-1009,L11_batch_polling_multi_job,legitimate,,60,17,cycle
S0+cap128,ho-hw-F-lcm3tool,hw_flood_3tool_cycle,flood,3,42,8,cycle
S0+cap128,ho-hw-F-oscillate,hw_flood_oscillating_edit,flood,5,60,11,cycle
S0+cap128,ho-hw-F-querycreep,hw_flood_query_creep,flood,1,40,37,near_dup
S0+cap128,ho-hw-F-poll-reread,hw_flood_poll_then_reread,flood,2,40,7,cycle
S0+cap128,ho-hw-F-sameerror,hw_flood_same_error_retry,flood,1,25,7,near_dup
S0+cap128,ho-hw-F-startdone3,hw_flood_startdone_3ids,flood,6,60,17,cycle
S0+cap128,ho-hw-L-poll60,hw_legit_poll_plateau60,legitimate,,61,7,near_dup
S0+cap128,ho-hw-L-backoff-capped,hw_legit_backoff_capped_plateau,legitimate,,10,,
S0+cap128,ho-hw-L-tokenrefresh,hw_legit_token_refresh_retry,legitimate,,4,,
S0+cap128,ho-hw-L-dup-page,hw_legit_pagination_duplicate_page,legitimate,,6,,
S0+cap128,ho-hw-L-resample45,hw_legit_repeated_subcalls_fanout,legitimate,,45,,
S0+cap128,ho-hw-L-write-read,hw_legit_write_read_verify,legitimate,,4,,
S0+cap128,ho-hw-L-testrerun,hw_legit_test_rerun_stagnation,legitimate,,12,,
S0+cap128,ho-hw-L-noisypoll,hw_legit_noisy_poll,legitimate,,16,,
S0+cap128,ho-hw-L-fanout70,hw_legit_fanout70_distinct,legitimate,,70,,
S0+cap128,ho-hw-L-oneretry,hw_legit_single_retry,legitimate,,2,,
S0+cap128,ho-hw-L-search-doc,hw_legit_alternating_search_doc,legitimate,,24,,
S0+cap128,ho-hw-L-monitor4,hw_legit_monitor_4_services,legitimate,,28,,
S1,ho-F1-1000,F1_slow_drift_offset,flood,1,51,,
S1,ho-F1-1001,F1_slow_drift_offset,flood,1,79,,
S1,ho-F1-1002,F1_slow_drift_offset,flood,1,50,,
S1,ho-F1-1003,F1_slow_drift_offset,flood,1,61,,
S1,ho-F1-1004,F1_slow_drift_offset,flood,1,75,,
S1,ho-F1-1005,F1_slow_drift_offset,flood,1,59,,
S1,ho-F1-1006,F1_slow_drift_offset,flood,1,79,,
S1,ho-F1-1007,F1_slow_drift_offset,flood,1,71,,
S1,ho-F2-1000,F2_slow_drift_timestamp,flood,1,70,,
S1,ho-F2-1001,F2_slow_drift_timestamp,flood,1,53,,
S1,ho-F2-1002,F2_slow_drift_timestamp,flood,1,66,,
S1,ho-F2-1003,F2_slow_drift_timestamp,flood,1,56,,
S1,ho-F2-1004,F2_slow_drift_timestamp,flood,1,57,,
S1,ho-F2-1005,F2_slow_drift_timestamp,flood,1,53,,
S1,ho-F2-1006,F2_slow_drift_timestamp,flood,1,53,,
S1,ho-F2-1007,F2_slow_drift_timestamp,flood,1,68,,
S1,ho-F3-1000,F3_mixed_tool_lcm_cycle,flood,12,144,127,distinct_ratio
S1,ho-F3-1001,F3_mixed_tool_lcm_cycle,flood,12,144,127,distinct_ratio
S1,ho-F3-1002,F3_mixed_tool_lcm_cycle,flood,10,144,127,distinct_ratio
S1,ho-F3-1003,F3_mixed_tool_lcm_cycle,flood,12,144,127,distinct_ratio
S1,ho-F3-1004,F3_mixed_tool_lcm_cycle,flood,8,72,71,cycle
S1,ho-F3-1005,F3_mixed_tool_lcm_cycle,flood,8,72,71,cycle
S1,ho-F3-1006,F3_mixed_tool_lcm_cycle,flood,10,144,127,distinct_ratio
S1,ho-F3-1007,F3_mixed_tool_lcm_cycle,flood,10,144,127,distinct_ratio
S1,ho-F4-1000,F4_noisy_result_repeat,flood,1,47,,
S1,ho-F4-1001,F4_noisy_result_repeat,flood,1,49,,
S1,ho-F4-1002,F4_noisy_result_repeat,flood,1,37,,
S1,ho-F4-1003,F4_noisy_result_repeat,flood,1,41,,
S1,ho-F4-1004,F4_noisy_result_repeat,flood,1,39,,
S1,ho-F4-1005,F4_noisy_result_repeat,flood,1,38,,
S1,ho-F4-1006,F4_noisy_result_repeat,flood,1,48,,
S1,ho-F4-1007,F4_noisy_result_repeat,flood,1,35,,
S1,ho-F5-1000,F5_low_rate_with_heartbeat,flood,4,104,92,near_dup
S1,ho-F5-1001,F5_low_rate_with_heartbeat,flood,4,108,92,near_dup
S1,ho-F5-1002,F5_low_rate_with_heartbeat,flood,4,104,92,near_dup
S1,ho-F5-1003,F5_low_rate_with_heartbeat,flood,4,108,92,near_dup
S1,ho-F5-1004,F5_low_rate_with_heartbeat,flood,4,92,,
S1,ho-F5-1005,F5_low_rate_with_heartbeat,flood,4,104,92,near_dup
S1,ho-F5-1006,F5_low_rate_with_heartbeat,flood,4,104,92,near_dup
S1,ho-F5-1007,F5_low_rate_with_heartbeat,flood,4,88,,
S1,ho-F6-1000,F6_flood_after_legit_prefix,flood,27,117,43,cycle
S1,ho-F6-1001,F6_flood_after_legit_prefix,flood,29,115,45,cycle
S1,ho-F6-1002,F6_flood_after_legit_prefix,flood,32,118,49,cycle
S1,ho-F6-1003,F6_flood_after_legit_prefix,flood,29,119,46,cycle
S1,ho-F6-1004,F6_flood_after_legit_prefix,flood,28,126,43,cycle
S1,ho-F6-1005,F6_flood_after_legit_prefix,flood,28,130,44,cycle
S1,ho-F6-1006,F6_flood_after_legit_prefix,flood,28,116,45,cycle
S1,ho-F6-1007,F6_flood_after_legit_prefix,flood,29,124,46,cycle
S1,ho-F7-1000,F7_startdone_rotating_permuted_ids,flood,42,126,,
S1,ho-F7-1001,F7_startdone_rotating_permuted_ids,flood,38,114,,
S1,ho-F7-1002,F7_startdone_rotating_permuted_ids,flood,54,162,,
S1,ho-F7-1003,F7_startdone_rotating_permuted_ids,flood,42,126,,
S1,ho-F7-1004,F7_startdone_rotating_permuted_ids,flood,40,120,,
S1,ho-F7-1005,F7_startdone_rotating_permuted_ids,flood,38,114,,
S1,ho-F7-1006,F7_startdone_rotating_permuted_ids,flood,42,126,,
S1,ho-F7-1007,F7_startdone_rotating_permuted_ids,flood,46,138,127,distinct_ratio
S1,ho-F8-1000,F8_oscillating_edit_same_failure,flood,5,90,23,cycle
S1,ho-F8-1001,F8_oscillating_edit_same_failure,flood,5,60,23,cycle
S1,ho-F8-1002,F8_oscillating_edit_same_failure,flood,5,66,23,cycle
S1,ho-F8-1003,F8_oscillating_edit_same_failure,flood,5,76,23,cycle
S1,ho-F8-1004,F8_oscillating_edit_same_failure,flood,5,80,23,cycle
S1,ho-F8-1005,F8_oscillating_edit_same_failure,flood,5,60,23,cycle
S1,ho-F8-1006,F8_oscillating_edit_same_failure,flood,5,68,23,cycle
S1,ho-F8-1007,F8_oscillating_edit_same_failure,flood,5,88,23,cycle
S1,ho-F9-1000,F9_growing_batch_repeat,flood,12,105,69,cross_turn
S1,ho-F9-1001,F9_growing_batch_repeat,flood,10,91,59,cross_turn
S1,ho-F9-1002,F9_growing_batch_repeat,flood,12,105,69,cross_turn
S1,ho-F9-1003,F9_growing_batch_repeat,flood,11,116,64,cross_turn
S1,ho-F9-1004,F9_growing_batch_repeat,flood,8,77,62,cross_turn
S1,ho-F9-1005,F9_growing_batch_repeat,flood,14,119,79,cross_turn
S1,ho-F9-1006,F9_growing_batch_repeat,flood,9,117,54,cross_turn
S1,ho-F9-1007,F9_growing_batch_repeat,flood,9,117,54,cross_turn
S1,ho-L1-1000,L1_poll_long_plateau,legitimate,,23,,
S1,ho-L1-1001,L1_poll_long_plateau,legitimate,,25,23,near_dup
S1,ho-L1-1002,L1_poll_long_plateau,legitimate,,32,23,near_dup
S1,ho-L1-1003,L1_poll_long_plateau,legitimate,,30,23,near_dup
S1,ho-L1-1004,L1_poll_long_plateau,legitimate,,15,,
S1,ho-L1-1005,L1_poll_long_plateau,legitimate,,41,23,near_dup
S1,ho-L1-1006,L1_poll_long_plateau,legitimate,,25,23,near_dup
S1,ho-L1-1007,L1_poll_long_plateau,legitimate,,45,23,near_dup
S1,ho-L1-1008,L1_poll_long_plateau,legitimate,,32,23,near_dup
S1,ho-L1-1009,L1_poll_long_plateau,legitimate,,37,23,near_dup
S1,ho-L2-1000,L2_retries_backoff_refresh,legitimate,,8,,
S1,ho-L2-1001,L2_retries_backoff_refresh,legitimate,,6,,
S1,ho-L2-1002,L2_retries_backoff_refresh,legitimate,,9,,
S1,ho-L2-1003,L2_retries_backoff_refresh,legitimate,,9,,
S1,ho-L2-1004,L2_retries_backoff_refresh,legitimate,,10,,
S1,ho-L2-1005,L2_retries_backoff_refresh,legitimate,,10,,
S1,ho-L2-1006,L2_retries_backoff_refresh,legitimate,,8,,
S1,ho-L2-1007,L2_retries_backoff_refresh,legitimate,,7,,
S1,ho-L2-1008,L2_retries_backoff_refresh,legitimate,,10,,
S1,ho-L2-1009,L2_retries_backoff_refresh,legitimate,,7,,
S1,ho-L3-1000,L3_paginated_cursor_quirks,legitimate,,42,,
S1,ho-L3-1001,L3_paginated_cursor_quirks,legitimate,,32,,
S1,ho-L3-1002,L3_paginated_cursor_quirks,legitimate,,28,,
S1,ho-L3-1003,L3_paginated_cursor_quirks,legitimate,,39,,
S1,ho-L3-1004,L3_paginated_cursor_quirks,legitimate,,39,,
S1,ho-L3-1005,L3_paginated_cursor_quirks,legitimate,,32,,
S1,ho-L3-1006,L3_paginated_cursor_quirks,legitimate,,31,,
S1,ho-L3-1007,L3_paginated_cursor_quirks,legitimate,,32,,
S1,ho-L3-1008,L3_paginated_cursor_quirks,legitimate,,33,,
S1,ho-L3-1009,L3_paginated_cursor_quirks,legitimate,,41,,
S1,ho-L4-1000,L4_batch_fanout_repeated_subcalls,legitimate,,30,,
S1,ho-L4-1001,L4_batch_fanout_repeated_subcalls,legitimate,,30,,
S1,ho-L4-1002,L4_batch_fanout_repeated_subcalls,legitimate,,42,,
S1,ho-L4-1003,L4_batch_fanout_repeated_subcalls,legitimate,,30,,
S1,ho-L4-1004,L4_batch_fanout_repeated_subcalls,legitimate,,30,,
S1,ho-L4-1005,L4_batch_fanout_repeated_subcalls,legitimate,,36,,
S1,ho-L4-1006,L4_batch_fanout_repeated_subcalls,legitimate,,42,,
S1,ho-L4-1007,L4_batch_fanout_repeated_subcalls,legitimate,,42,,
S1,ho-L4-1008,L4_batch_fanout_repeated_subcalls,legitimate,,48,,
S1,ho-L4-1009,L4_batch_fanout_repeated_subcalls,legitimate,,42,,
S1,ho-L5-1000,L5_idempotent_reread_after_write,legitimate,,21,,
S1,ho-L5-1001,L5_idempotent_reread_after_write,legitimate,,30,,
S1,ho-L5-1002,L5_idempotent_reread_after_write,legitimate,,33,,
S1,ho-L5-1003,L5_idempotent_reread_after_write,legitimate,,21,,
S1,ho-L5-1004,L5_idempotent_reread_after_write,legitimate,,27,,
S1,ho-L5-1005,L5_idempotent_reread_after_write,legitimate,,24,,
S1,ho-L5-1006,L5_idempotent_reread_after_write,legitimate,,24,,
S1,ho-L5-1007,L5_idempotent_reread_after_write,legitimate,,30,,
S1,ho-L5-1008,L5_idempotent_reread_after_write,legitimate,,39,,
S1,ho-L5-1009,L5_idempotent_reread_after_write,legitimate,,18,,
S1,ho-L6-1000,L6_test_fix_rerun,legitimate,,27,,
S1,ho-L6-1001,L6_test_fix_rerun,legitimate,,36,,
S1,ho-L6-1002,L6_test_fix_rerun,legitimate,,42,,
S1,ho-L6-1003,L6_test_fix_rerun,legitimate,,33,,
S1,ho-L6-1004,L6_test_fix_rerun,legitimate,,45,,
S1,ho-L6-1005,L6_test_fix_rerun,legitimate,,42,,
S1,ho-L6-1006,L6_test_fix_rerun,legitimate,,30,,
S1,ho-L6-1007,L6_test_fix_rerun,legitimate,,33,,
S1,ho-L6-1008,L6_test_fix_rerun,legitimate,,39,,
S1,ho-L6-1009,L6_test_fix_rerun,legitimate,,33,,
S1,ho-L7-1000,L7_noisy_results_unchanged_state,legitimate,,23,,
S1,ho-L7-1001,L7_noisy_results_unchanged_state,legitimate,,9,,
S1,ho-L7-1002,L7_noisy_results_unchanged_state,legitimate,,19,,
S1,ho-L7-1003,L7_noisy_results_unchanged_state,legitimate,,18,,
S1,ho-L7-1004,L7_noisy_results_unchanged_state,legitimate,,14,,
S1,ho-L7-1005,L7_noisy_results_unchanged_state,legitimate,,13,,
S1,ho-L7-1006,L7_noisy_results_unchanged_state,legitimate,,25,,
S1,ho-L7-1007,L7_noisy_results_unchanged_state,legitimate,,19,,
S1,ho-L7-1008,L7_noisy_results_unchanged_state,legitimate,,11,,
S1,ho-L7-1009,L7_noisy_results_unchanged_state,legitimate,,15,,
S1,ho-L8-1000,L8_large_fanout_distinct,legitimate,,97,,
S1,ho-L8-1001,L8_large_fanout_distinct,legitimate,,61,,
S1,ho-L8-1002,L8_large_fanout_distinct,legitimate,,99,,
S1,ho-L8-1003,L8_large_fanout_distinct,legitimate,,35,,
S1,ho-L8-1004,L8_large_fanout_distinct,legitimate,,38,,
S1,ho-L8-1005,L8_large_fanout_distinct,legitimate,,52,,
S1,ho-L8-1006,L8_large_fanout_distinct,legitimate,,58,,
S1,ho-L8-1007,L8_large_fanout_distinct,legitimate,,73,,
S1,ho-L8-1008,L8_large_fanout_distinct,legitimate,,61,,
S1,ho-L8-1009,L8_large_fanout_distinct,legitimate,,27,,
S1,ho-L9-1000,L9_tree_crawl,legitimate,,37,,
S1,ho-L9-1001,L9_tree_crawl,legitimate,,28,,
S1,ho-L9-1002,L9_tree_crawl,legitimate,,35,,
S1,ho-L9-1003,L9_tree_crawl,legitimate,,44,,
S1,ho-L9-1004,L9_tree_crawl,legitimate,,44,,
S1,ho-L9-1005,L9_tree_crawl,legitimate,,58,,
S1,ho-L9-1006,L9_tree_crawl,legitimate,,30,,
S1,ho-L9-1007,L9_tree_crawl,legitimate,,30,,
S1,ho-L9-1008,L9_tree_crawl,legitimate,,54,,
S1,ho-L9-1009,L9_tree_crawl,legitimate,,44,,
S1,ho-L10-1000,L10_alternating_two_tool_distinct,legitimate,,54,,
S1,ho-L10-1001,L10_alternating_two_tool_distinct,legitimate,,74,,
S1,ho-L10-1002,L10_alternating_two_tool_distinct,legitimate,,40,,
S1,ho-L10-1003,L10_alternating_two_tool_distinct,legitimate,,88,,
S1,ho-L10-1004,L10_alternating_two_tool_distinct,legitimate,,84,,
S1,ho-L10-1005,L10_alternating_two_tool_distinct,legitimate,,42,,
S1,ho-L10-1006,L10_alternating_two_tool_distinct,legitimate,,42,,
S1,ho-L10-1007,L10_alternating_two_tool_distinct,legitimate,,46,,
S1,ho-L10-1008,L10_alternating_two_tool_distinct,legitimate,,66,,
S1,ho-L10-1009,L10_alternating_two_tool_distinct,legitimate,,74,,
S1,ho-L11-1000,L11_batch_polling_multi_job,legitimate,,60,23,cycle
S1,ho-L11-1001,L11_batch_polling_multi_job,legitimate,,36,19,cross_turn
S1,ho-L11-1002,L11_batch_polling_multi_job,legitimate,,40,19,cross_turn
S1,ho-L11-1003,L11_batch_polling_multi_job,legitimate,,48,23,cycle
S1,ho-L11-1004,L11_batch_polling_multi_job,legitimate,,40,19,cross_turn
S1,ho-L11-1005,L11_batch_polling_multi_job,legitimate,,54,23,cycle
S1,ho-L11-1006,L11_batch_polling_multi_job,legitimate,,40,19,cross_turn
S1,ho-L11-1007,L11_batch_polling_multi_job,legitimate,,60,23,cycle
S1,ho-L11-1008,L11_batch_polling_multi_job,legitimate,,48,23,cycle
S1,ho-L11-1009,L11_batch_polling_multi_job,legitimate,,60,23,cycle
S1,ho-hw-F-lcm3tool,hw_flood_3tool_cycle,flood,3,42,23,cycle
S1,ho-hw-F-oscillate,hw_flood_oscillating_edit,flood,5,60,23,cycle
S1,ho-hw-F-querycreep,hw_flood_query_creep,flood,1,40,,
S1,ho-hw-F-poll-reread,hw_flood_poll_then_reread,flood,2,40,23,cycle
S1,ho-hw-F-sameerror,hw_flood_same_error_retry,flood,1,25,23,near_dup
S1,ho-hw-F-startdone3,hw_flood_startdone_3ids,flood,6,60,23,cycle
S1,ho-hw-L-poll60,hw_legit_poll_plateau60,legitimate,,61,23,near_dup
S1,ho-hw-L-backoff-capped,hw_legit_backoff_capped_plateau,legitimate,,10,,
S1,ho-hw-L-tokenrefresh,hw_legit_token_refresh_retry,legitimate,,4,,
S1,ho-hw-L-dup-page,hw_legit_pagination_duplicate_page,legitimate,,6,,
S1,ho-hw-L-resample45,hw_legit_repeated_subcalls_fanout,legitimate,,45,,
S1,ho-hw-L-write-read,hw_legit_write_read_verify,legitimate,,4,,
S1,ho-hw-L-testrerun,hw_legit_test_rerun_stagnation,legitimate,,12,,
S1,ho-hw-L-noisypoll,hw_legit_noisy_poll,legitimate,,16,,
S1,ho-hw-L-fanout70,hw_legit_fanout70_distinct,legitimate,,70,,
S1,ho-hw-L-oneretry,hw_legit_single_retry,legitimate,,2,,
S1,ho-hw-L-search-doc,hw_legit_alternating_search_doc,legitimate,,24,,
S1,ho-hw-L-monitor4,hw_legit_monitor_4_services,legitimate,,28,,
S1+cap64,ho-F1-1000,F1_slow_drift_offset,flood,1,51,,
S1+cap64,ho-F1-1001,F1_slow_drift_offset,flood,1,79,,
S1+cap64,ho-F1-1002,F1_slow_drift_offset,flood,1,50,,
S1+cap64,ho-F1-1003,F1_slow_drift_offset,flood,1,61,,
S1+cap64,ho-F1-1004,F1_slow_drift_offset,flood,1,75,,
S1+cap64,ho-F1-1005,F1_slow_drift_offset,flood,1,59,,
S1+cap64,ho-F1-1006,F1_slow_drift_offset,flood,1,79,,
S1+cap64,ho-F1-1007,F1_slow_drift_offset,flood,1,71,,
S1+cap64,ho-F2-1000,F2_slow_drift_timestamp,flood,1,70,,
S1+cap64,ho-F2-1001,F2_slow_drift_timestamp,flood,1,53,,
S1+cap64,ho-F2-1002,F2_slow_drift_timestamp,flood,1,66,,
S1+cap64,ho-F2-1003,F2_slow_drift_timestamp,flood,1,56,,
S1+cap64,ho-F2-1004,F2_slow_drift_timestamp,flood,1,57,,
S1+cap64,ho-F2-1005,F2_slow_drift_timestamp,flood,1,53,,
S1+cap64,ho-F2-1006,F2_slow_drift_timestamp,flood,1,53,,
S1+cap64,ho-F2-1007,F2_slow_drift_timestamp,flood,1,68,,
S1+cap64,ho-F3-1000,F3_mixed_tool_lcm_cycle,flood,12,144,127,distinct_ratio
S1+cap64,ho-F3-1001,F3_mixed_tool_lcm_cycle,flood,12,144,127,distinct_ratio
S1+cap64,ho-F3-1002,F3_mixed_tool_lcm_cycle,flood,10,144,127,distinct_ratio
S1+cap64,ho-F3-1003,F3_mixed_tool_lcm_cycle,flood,12,144,127,distinct_ratio
S1+cap64,ho-F3-1004,F3_mixed_tool_lcm_cycle,flood,8,72,71,cycle
S1+cap64,ho-F3-1005,F3_mixed_tool_lcm_cycle,flood,8,72,71,cycle
S1+cap64,ho-F3-1006,F3_mixed_tool_lcm_cycle,flood,10,144,127,distinct_ratio
S1+cap64,ho-F3-1007,F3_mixed_tool_lcm_cycle,flood,10,144,127,distinct_ratio
S1+cap64,ho-F4-1000,F4_noisy_result_repeat,flood,1,47,,
S1+cap64,ho-F4-1001,F4_noisy_result_repeat,flood,1,49,,
S1+cap64,ho-F4-1002,F4_noisy_result_repeat,flood,1,37,,
S1+cap64,ho-F4-1003,F4_noisy_result_repeat,flood,1,41,,
S1+cap64,ho-F4-1004,F4_noisy_result_repeat,flood,1,39,,
S1+cap64,ho-F4-1005,F4_noisy_result_repeat,flood,1,38,,
S1+cap64,ho-F4-1006,F4_noisy_result_repeat,flood,1,48,,
S1+cap64,ho-F4-1007,F4_noisy_result_repeat,flood,1,35,,
S1+cap64,ho-F5-1000,F5_low_rate_with_heartbeat,flood,4,104,92,near_dup
S1+cap64,ho-F5-1001,F5_low_rate_with_heartbeat,flood,4,108,92,near_dup
S1+cap64,ho-F5-1002,F5_low_rate_with_heartbeat,flood,4,104,92,near_dup
S1+cap64,ho-F5-1003,F5_low_rate_with_heartbeat,flood,4,108,92,near_dup
S1+cap64,ho-F5-1004,F5_low_rate_with_heartbeat,flood,4,92,,
S1+cap64,ho-F5-1005,F5_low_rate_with_heartbeat,flood,4,104,92,near_dup
S1+cap64,ho-F5-1006,F5_low_rate_with_heartbeat,flood,4,104,92,near_dup
S1+cap64,ho-F5-1007,F5_low_rate_with_heartbeat,flood,4,88,,
S1+cap64,ho-F6-1000,F6_flood_after_legit_prefix,flood,27,117,43,cycle
S1+cap64,ho-F6-1001,F6_flood_after_legit_prefix,flood,29,115,45,cycle
S1+cap64,ho-F6-1002,F6_flood_after_legit_prefix,flood,32,118,49,cycle
S1+cap64,ho-F6-1003,F6_flood_after_legit_prefix,flood,29,119,46,cycle
S1+cap64,ho-F6-1004,F6_flood_after_legit_prefix,flood,28,126,43,cycle
S1+cap64,ho-F6-1005,F6_flood_after_legit_prefix,flood,28,130,44,cycle
S1+cap64,ho-F6-1006,F6_flood_after_legit_prefix,flood,28,116,45,cycle
S1+cap64,ho-F6-1007,F6_flood_after_legit_prefix,flood,29,124,46,cycle
S1+cap64,ho-F7-1000,F7_startdone_rotating_permuted_ids,flood,42,126,64,cap
S1+cap64,ho-F7-1001,F7_startdone_rotating_permuted_ids,flood,38,114,64,cap
S1+cap64,ho-F7-1002,F7_startdone_rotating_permuted_ids,flood,54,162,64,cap
S1+cap64,ho-F7-1003,F7_startdone_rotating_permuted_ids,flood,42,126,64,cap
S1+cap64,ho-F7-1004,F7_startdone_rotating_permuted_ids,flood,40,120,64,cap
S1+cap64,ho-F7-1005,F7_startdone_rotating_permuted_ids,flood,38,114,64,cap
S1+cap64,ho-F7-1006,F7_startdone_rotating_permuted_ids,flood,42,126,64,cap
S1+cap64,ho-F7-1007,F7_startdone_rotating_permuted_ids,flood,46,138,64,cap
S1+cap64,ho-F8-1000,F8_oscillating_edit_same_failure,flood,5,90,23,cycle
S1+cap64,ho-F8-1001,F8_oscillating_edit_same_failure,flood,5,60,23,cycle
S1+cap64,ho-F8-1002,F8_oscillating_edit_same_failure,flood,5,66,23,cycle
S1+cap64,ho-F8-1003,F8_oscillating_edit_same_failure,flood,5,76,23,cycle
S1+cap64,ho-F8-1004,F8_oscillating_edit_same_failure,flood,5,80,23,cycle
S1+cap64,ho-F8-1005,F8_oscillating_edit_same_failure,flood,5,60,23,cycle
S1+cap64,ho-F8-1006,F8_oscillating_edit_same_failure,flood,5,68,23,cycle
S1+cap64,ho-F8-1007,F8_oscillating_edit_same_failure,flood,5,88,23,cycle
S1+cap64,ho-F9-1000,F9_growing_batch_repeat,flood,12,105,69,cross_turn
S1+cap64,ho-F9-1001,F9_growing_batch_repeat,flood,10,91,59,cross_turn
S1+cap64,ho-F9-1002,F9_growing_batch_repeat,flood,12,105,69,cross_turn
S1+cap64,ho-F9-1003,F9_growing_batch_repeat,flood,11,116,64,cross_turn
S1+cap64,ho-F9-1004,F9_growing_batch_repeat,flood,8,77,62,cross_turn
S1+cap64,ho-F9-1005,F9_growing_batch_repeat,flood,14,119,79,cross_turn
S1+cap64,ho-F9-1006,F9_growing_batch_repeat,flood,9,117,54,cross_turn
S1+cap64,ho-F9-1007,F9_growing_batch_repeat,flood,9,117,54,cross_turn
S1+cap64,ho-L1-1000,L1_poll_long_plateau,legitimate,,23,,
S1+cap64,ho-L1-1001,L1_poll_long_plateau,legitimate,,25,23,near_dup
S1+cap64,ho-L1-1002,L1_poll_long_plateau,legitimate,,32,23,near_dup
S1+cap64,ho-L1-1003,L1_poll_long_plateau,legitimate,,30,23,near_dup
S1+cap64,ho-L1-1004,L1_poll_long_plateau,legitimate,,15,,
S1+cap64,ho-L1-1005,L1_poll_long_plateau,legitimate,,41,23,near_dup
S1+cap64,ho-L1-1006,L1_poll_long_plateau,legitimate,,25,23,near_dup
S1+cap64,ho-L1-1007,L1_poll_long_plateau,legitimate,,45,23,near_dup
S1+cap64,ho-L1-1008,L1_poll_long_plateau,legitimate,,32,23,near_dup
S1+cap64,ho-L1-1009,L1_poll_long_plateau,legitimate,,37,23,near_dup
S1+cap64,ho-L2-1000,L2_retries_backoff_refresh,legitimate,,8,,
S1+cap64,ho-L2-1001,L2_retries_backoff_refresh,legitimate,,6,,
S1+cap64,ho-L2-1002,L2_retries_backoff_refresh,legitimate,,9,,
S1+cap64,ho-L2-1003,L2_retries_backoff_refresh,legitimate,,9,,
S1+cap64,ho-L2-1004,L2_retries_backoff_refresh,legitimate,,10,,
S1+cap64,ho-L2-1005,L2_retries_backoff_refresh,legitimate,,10,,
S1+cap64,ho-L2-1006,L2_retries_backoff_refresh,legitimate,,8,,
S1+cap64,ho-L2-1007,L2_retries_backoff_refresh,legitimate,,7,,
S1+cap64,ho-L2-1008,L2_retries_backoff_refresh,legitimate,,10,,
S1+cap64,ho-L2-1009,L2_retries_backoff_refresh,legitimate,,7,,
S1+cap64,ho-L3-1000,L3_paginated_cursor_quirks,legitimate,,42,,
S1+cap64,ho-L3-1001,L3_paginated_cursor_quirks,legitimate,,32,,
S1+cap64,ho-L3-1002,L3_paginated_cursor_quirks,legitimate,,28,,
S1+cap64,ho-L3-1003,L3_paginated_cursor_quirks,legitimate,,39,,
S1+cap64,ho-L3-1004,L3_paginated_cursor_quirks,legitimate,,39,,
S1+cap64,ho-L3-1005,L3_paginated_cursor_quirks,legitimate,,32,,
S1+cap64,ho-L3-1006,L3_paginated_cursor_quirks,legitimate,,31,,
S1+cap64,ho-L3-1007,L3_paginated_cursor_quirks,legitimate,,32,,
S1+cap64,ho-L3-1008,L3_paginated_cursor_quirks,legitimate,,33,,
S1+cap64,ho-L3-1009,L3_paginated_cursor_quirks,legitimate,,41,,
S1+cap64,ho-L4-1000,L4_batch_fanout_repeated_subcalls,legitimate,,30,,
S1+cap64,ho-L4-1001,L4_batch_fanout_repeated_subcalls,legitimate,,30,,
S1+cap64,ho-L4-1002,L4_batch_fanout_repeated_subcalls,legitimate,,42,,
S1+cap64,ho-L4-1003,L4_batch_fanout_repeated_subcalls,legitimate,,30,,
S1+cap64,ho-L4-1004,L4_batch_fanout_repeated_subcalls,legitimate,,30,,
S1+cap64,ho-L4-1005,L4_batch_fanout_repeated_subcalls,legitimate,,36,,
S1+cap64,ho-L4-1006,L4_batch_fanout_repeated_subcalls,legitimate,,42,,
S1+cap64,ho-L4-1007,L4_batch_fanout_repeated_subcalls,legitimate,,42,,
S1+cap64,ho-L4-1008,L4_batch_fanout_repeated_subcalls,legitimate,,48,,
S1+cap64,ho-L4-1009,L4_batch_fanout_repeated_subcalls,legitimate,,42,,
S1+cap64,ho-L5-1000,L5_idempotent_reread_after_write,legitimate,,21,,
S1+cap64,ho-L5-1001,L5_idempotent_reread_after_write,legitimate,,30,,
S1+cap64,ho-L5-1002,L5_idempotent_reread_after_write,legitimate,,33,,
S1+cap64,ho-L5-1003,L5_idempotent_reread_after_write,legitimate,,21,,
S1+cap64,ho-L5-1004,L5_idempotent_reread_after_write,legitimate,,27,,
S1+cap64,ho-L5-1005,L5_idempotent_reread_after_write,legitimate,,24,,
S1+cap64,ho-L5-1006,L5_idempotent_reread_after_write,legitimate,,24,,
S1+cap64,ho-L5-1007,L5_idempotent_reread_after_write,legitimate,,30,,
S1+cap64,ho-L5-1008,L5_idempotent_reread_after_write,legitimate,,39,,
S1+cap64,ho-L5-1009,L5_idempotent_reread_after_write,legitimate,,18,,
S1+cap64,ho-L6-1000,L6_test_fix_rerun,legitimate,,27,,
S1+cap64,ho-L6-1001,L6_test_fix_rerun,legitimate,,36,,
S1+cap64,ho-L6-1002,L6_test_fix_rerun,legitimate,,42,,
S1+cap64,ho-L6-1003,L6_test_fix_rerun,legitimate,,33,,
S1+cap64,ho-L6-1004,L6_test_fix_rerun,legitimate,,45,,
S1+cap64,ho-L6-1005,L6_test_fix_rerun,legitimate,,42,,
S1+cap64,ho-L6-1006,L6_test_fix_rerun,legitimate,,30,,
S1+cap64,ho-L6-1007,L6_test_fix_rerun,legitimate,,33,,
S1+cap64,ho-L6-1008,L6_test_fix_rerun,legitimate,,39,,
S1+cap64,ho-L6-1009,L6_test_fix_rerun,legitimate,,33,,
S1+cap64,ho-L7-1000,L7_noisy_results_unchanged_state,legitimate,,23,,
S1+cap64,ho-L7-1001,L7_noisy_results_unchanged_state,legitimate,,9,,
S1+cap64,ho-L7-1002,L7_noisy_results_unchanged_state,legitimate,,19,,
S1+cap64,ho-L7-1003,L7_noisy_results_unchanged_state,legitimate,,18,,
S1+cap64,ho-L7-1004,L7_noisy_results_unchanged_state,legitimate,,14,,
S1+cap64,ho-L7-1005,L7_noisy_results_unchanged_state,legitimate,,13,,
S1+cap64,ho-L7-1006,L7_noisy_results_unchanged_state,legitimate,,25,,
S1+cap64,ho-L7-1007,L7_noisy_results_unchanged_state,legitimate,,19,,
S1+cap64,ho-L7-1008,L7_noisy_results_unchanged_state,legitimate,,11,,
S1+cap64,ho-L7-1009,L7_noisy_results_unchanged_state,legitimate,,15,,
S1+cap64,ho-L8-1000,L8_large_fanout_distinct,legitimate,,97,64,cap
S1+cap64,ho-L8-1001,L8_large_fanout_distinct,legitimate,,61,,
S1+cap64,ho-L8-1002,L8_large_fanout_distinct,legitimate,,99,64,cap
S1+cap64,ho-L8-1003,L8_large_fanout_distinct,legitimate,,35,,
S1+cap64,ho-L8-1004,L8_large_fanout_distinct,legitimate,,38,,
S1+cap64,ho-L8-1005,L8_large_fanout_distinct,legitimate,,52,,
S1+cap64,ho-L8-1006,L8_large_fanout_distinct,legitimate,,58,,
S1+cap64,ho-L8-1007,L8_large_fanout_distinct,legitimate,,73,64,cap
S1+cap64,ho-L8-1008,L8_large_fanout_distinct,legitimate,,61,,
S1+cap64,ho-L8-1009,L8_large_fanout_distinct,legitimate,,27,,
S1+cap64,ho-L9-1000,L9_tree_crawl,legitimate,,37,,
S1+cap64,ho-L9-1001,L9_tree_crawl,legitimate,,28,,
S1+cap64,ho-L9-1002,L9_tree_crawl,legitimate,,35,,
S1+cap64,ho-L9-1003,L9_tree_crawl,legitimate,,44,,
S1+cap64,ho-L9-1004,L9_tree_crawl,legitimate,,44,,
S1+cap64,ho-L9-1005,L9_tree_crawl,legitimate,,58,,
S1+cap64,ho-L9-1006,L9_tree_crawl,legitimate,,30,,
S1+cap64,ho-L9-1007,L9_tree_crawl,legitimate,,30,,
S1+cap64,ho-L9-1008,L9_tree_crawl,legitimate,,54,,
S1+cap64,ho-L9-1009,L9_tree_crawl,legitimate,,44,,
S1+cap64,ho-L10-1000,L10_alternating_two_tool_distinct,legitimate,,54,,
S1+cap64,ho-L10-1001,L10_alternating_two_tool_distinct,legitimate,,74,,
S1+cap64,ho-L10-1002,L10_alternating_two_tool_distinct,legitimate,,40,,
S1+cap64,ho-L10-1003,L10_alternating_two_tool_distinct,legitimate,,88,,
S1+cap64,ho-L10-1004,L10_alternating_two_tool_distinct,legitimate,,84,,
S1+cap64,ho-L10-1005,L10_alternating_two_tool_distinct,legitimate,,42,,
S1+cap64,ho-L10-1006,L10_alternating_two_tool_distinct,legitimate,,42,,
S1+cap64,ho-L10-1007,L10_alternating_two_tool_distinct,legitimate,,46,,
S1+cap64,ho-L10-1008,L10_alternating_two_tool_distinct,legitimate,,66,,
S1+cap64,ho-L10-1009,L10_alternating_two_tool_distinct,legitimate,,74,,
S1+cap64,ho-L11-1000,L11_batch_polling_multi_job,legitimate,,60,23,cycle
S1+cap64,ho-L11-1001,L11_batch_polling_multi_job,legitimate,,36,19,cross_turn
S1+cap64,ho-L11-1002,L11_batch_polling_multi_job,legitimate,,40,19,cross_turn
S1+cap64,ho-L11-1003,L11_batch_polling_multi_job,legitimate,,48,23,cycle
S1+cap64,ho-L11-1004,L11_batch_polling_multi_job,legitimate,,40,19,cross_turn
S1+cap64,ho-L11-1005,L11_batch_polling_multi_job,legitimate,,54,23,cycle
S1+cap64,ho-L11-1006,L11_batch_polling_multi_job,legitimate,,40,19,cross_turn
S1+cap64,ho-L11-1007,L11_batch_polling_multi_job,legitimate,,60,23,cycle
S1+cap64,ho-L11-1008,L11_batch_polling_multi_job,legitimate,,48,23,cycle
S1+cap64,ho-L11-1009,L11_batch_polling_multi_job,legitimate,,60,23,cycle
S1+cap64,ho-hw-F-lcm3tool,hw_flood_3tool_cycle,flood,3,42,23,cycle
S1+cap64,ho-hw-F-oscillate,hw_flood_oscillating_edit,flood,5,60,23,cycle
S1+cap64,ho-hw-F-querycreep,hw_flood_query_creep,flood,1,40,,
S1+cap64,ho-hw-F-poll-reread,hw_flood_poll_then_reread,flood,2,40,23,cycle
S1+cap64,ho-hw-F-sameerror,hw_flood_same_error_retry,flood,1,25,23,near_dup
S1+cap64,ho-hw-F-startdone3,hw_flood_startdone_3ids,flood,6,60,23,cycle
S1+cap64,ho-hw-L-poll60,hw_legit_poll_plateau60,legitimate,,61,23,near_dup
S1+cap64,ho-hw-L-backoff-capped,hw_legit_backoff_capped_plateau,legitimate,,10,,
S1+cap64,ho-hw-L-tokenrefresh,hw_legit_token_refresh_retry,legitimate,,4,,
S1+cap64,ho-hw-L-dup-page,hw_legit_pagination_duplicate_page,legitimate,,6,,
S1+cap64,ho-hw-L-resample45,hw_legit_repeated_subcalls_fanout,legitimate,,45,,
S1+cap64,ho-hw-L-write-read,hw_legit_write_read_verify,legitimate,,4,,
S1+cap64,ho-hw-L-testrerun,hw_legit_test_rerun_stagnation,legitimate,,12,,
S1+cap64,ho-hw-L-noisypoll,hw_legit_noisy_poll,legitimate,,16,,
S1+cap64,ho-hw-L-fanout70,hw_legit_fanout70_distinct,legitimate,,70,64,cap
S1+cap64,ho-hw-L-oneretry,hw_legit_single_retry,legitimate,,2,,
S1+cap64,ho-hw-L-search-doc,hw_legit_alternating_search_doc,legitimate,,24,,
S1+cap64,ho-hw-L-monitor4,hw_legit_monitor_4_services,legitimate,,28,,
S1+cap128,ho-F1-1000,F1_slow_drift_offset,flood,1,51,,
S1+cap128,ho-F1-1001,F1_slow_drift_offset,flood,1,79,,
S1+cap128,ho-F1-1002,F1_slow_drift_offset,flood,1,50,,
S1+cap128,ho-F1-1003,F1_slow_drift_offset,flood,1,61,,
S1+cap128,ho-F1-1004,F1_slow_drift_offset,flood,1,75,,
S1+cap128,ho-F1-1005,F1_slow_drift_offset,flood,1,59,,
S1+cap128,ho-F1-1006,F1_slow_drift_offset,flood,1,79,,
S1+cap128,ho-F1-1007,F1_slow_drift_offset,flood,1,71,,
S1+cap128,ho-F2-1000,F2_slow_drift_timestamp,flood,1,70,,
S1+cap128,ho-F2-1001,F2_slow_drift_timestamp,flood,1,53,,
S1+cap128,ho-F2-1002,F2_slow_drift_timestamp,flood,1,66,,
S1+cap128,ho-F2-1003,F2_slow_drift_timestamp,flood,1,56,,
S1+cap128,ho-F2-1004,F2_slow_drift_timestamp,flood,1,57,,
S1+cap128,ho-F2-1005,F2_slow_drift_timestamp,flood,1,53,,
S1+cap128,ho-F2-1006,F2_slow_drift_timestamp,flood,1,53,,
S1+cap128,ho-F2-1007,F2_slow_drift_timestamp,flood,1,68,,
S1+cap128,ho-F3-1000,F3_mixed_tool_lcm_cycle,flood,12,144,127,distinct_ratio
S1+cap128,ho-F3-1001,F3_mixed_tool_lcm_cycle,flood,12,144,127,distinct_ratio
S1+cap128,ho-F3-1002,F3_mixed_tool_lcm_cycle,flood,10,144,127,distinct_ratio
S1+cap128,ho-F3-1003,F3_mixed_tool_lcm_cycle,flood,12,144,127,distinct_ratio
S1+cap128,ho-F3-1004,F3_mixed_tool_lcm_cycle,flood,8,72,71,cycle
S1+cap128,ho-F3-1005,F3_mixed_tool_lcm_cycle,flood,8,72,71,cycle
S1+cap128,ho-F3-1006,F3_mixed_tool_lcm_cycle,flood,10,144,127,distinct_ratio
S1+cap128,ho-F3-1007,F3_mixed_tool_lcm_cycle,flood,10,144,127,distinct_ratio
S1+cap128,ho-F4-1000,F4_noisy_result_repeat,flood,1,47,,
S1+cap128,ho-F4-1001,F4_noisy_result_repeat,flood,1,49,,
S1+cap128,ho-F4-1002,F4_noisy_result_repeat,flood,1,37,,
S1+cap128,ho-F4-1003,F4_noisy_result_repeat,flood,1,41,,
S1+cap128,ho-F4-1004,F4_noisy_result_repeat,flood,1,39,,
S1+cap128,ho-F4-1005,F4_noisy_result_repeat,flood,1,38,,
S1+cap128,ho-F4-1006,F4_noisy_result_repeat,flood,1,48,,
S1+cap128,ho-F4-1007,F4_noisy_result_repeat,flood,1,35,,
S1+cap128,ho-F5-1000,F5_low_rate_with_heartbeat,flood,4,104,92,near_dup
S1+cap128,ho-F5-1001,F5_low_rate_with_heartbeat,flood,4,108,92,near_dup
S1+cap128,ho-F5-1002,F5_low_rate_with_heartbeat,flood,4,104,92,near_dup
S1+cap128,ho-F5-1003,F5_low_rate_with_heartbeat,flood,4,108,92,near_dup
S1+cap128,ho-F5-1004,F5_low_rate_with_heartbeat,flood,4,92,,
S1+cap128,ho-F5-1005,F5_low_rate_with_heartbeat,flood,4,104,92,near_dup
S1+cap128,ho-F5-1006,F5_low_rate_with_heartbeat,flood,4,104,92,near_dup
S1+cap128,ho-F5-1007,F5_low_rate_with_heartbeat,flood,4,88,,
S1+cap128,ho-F6-1000,F6_flood_after_legit_prefix,flood,27,117,43,cycle
S1+cap128,ho-F6-1001,F6_flood_after_legit_prefix,flood,29,115,45,cycle
S1+cap128,ho-F6-1002,F6_flood_after_legit_prefix,flood,32,118,49,cycle
S1+cap128,ho-F6-1003,F6_flood_after_legit_prefix,flood,29,119,46,cycle
S1+cap128,ho-F6-1004,F6_flood_after_legit_prefix,flood,28,126,43,cycle
S1+cap128,ho-F6-1005,F6_flood_after_legit_prefix,flood,28,130,44,cycle
S1+cap128,ho-F6-1006,F6_flood_after_legit_prefix,flood,28,116,45,cycle
S1+cap128,ho-F6-1007,F6_flood_after_legit_prefix,flood,29,124,46,cycle
S1+cap128,ho-F7-1000,F7_startdone_rotating_permuted_ids,flood,42,126,,
S1+cap128,ho-F7-1001,F7_startdone_rotating_permuted_ids,flood,38,114,,
S1+cap128,ho-F7-1002,F7_startdone_rotating_permuted_ids,flood,54,162,128,cap
S1+cap128,ho-F7-1003,F7_startdone_rotating_permuted_ids,flood,42,126,,
S1+cap128,ho-F7-1004,F7_startdone_rotating_permuted_ids,flood,40,120,,
S1+cap128,ho-F7-1005,F7_startdone_rotating_permuted_ids,flood,38,114,,
S1+cap128,ho-F7-1006,F7_startdone_rotating_permuted_ids,flood,42,126,,
S1+cap128,ho-F7-1007,F7_startdone_rotating_permuted_ids,flood,46,138,127,distinct_ratio
S1+cap128,ho-F8-1000,F8_oscillating_edit_same_failure,flood,5,90,23,cycle
S1+cap128,ho-F8-1001,F8_oscillating_edit_same_failure,flood,5,60,23,cycle
S1+cap128,ho-F8-1002,F8_oscillating_edit_same_failure,flood,5,66,23,cycle
S1+cap128,ho-F8-1003,F8_oscillating_edit_same_failure,flood,5,76,23,cycle
S1+cap128,ho-F8-1004,F8_oscillating_edit_same_failure,flood,5,80,23,cycle
S1+cap128,ho-F8-1005,F8_oscillating_edit_same_failure,flood,5,60,23,cycle
S1+cap128,ho-F8-1006,F8_oscillating_edit_same_failure,flood,5,68,23,cycle
S1+cap128,ho-F8-1007,F8_oscillating_edit_same_failure,flood,5,88,23,cycle
S1+cap128,ho-F9-1000,F9_growing_batch_repeat,flood,12,105,69,cross_turn
S1+cap128,ho-F9-1001,F9_growing_batch_repeat,flood,10,91,59,cross_turn
S1+cap128,ho-F9-1002,F9_growing_batch_repeat,flood,12,105,69,cross_turn
S1+cap128,ho-F9-1003,F9_growing_batch_repeat,flood,11,116,64,cross_turn
S1+cap128,ho-F9-1004,F9_growing_batch_repeat,flood,8,77,62,cross_turn
S1+cap128,ho-F9-1005,F9_growing_batch_repeat,flood,14,119,79,cross_turn
S1+cap128,ho-F9-1006,F9_growing_batch_repeat,flood,9,117,54,cross_turn
S1+cap128,ho-F9-1007,F9_growing_batch_repeat,flood,9,117,54,cross_turn
S1+cap128,ho-L1-1000,L1_poll_long_plateau,legitimate,,23,,
S1+cap128,ho-L1-1001,L1_poll_long_plateau,legitimate,,25,23,near_dup
S1+cap128,ho-L1-1002,L1_poll_long_plateau,legitimate,,32,23,near_dup
S1+cap128,ho-L1-1003,L1_poll_long_plateau,legitimate,,30,23,near_dup
S1+cap128,ho-L1-1004,L1_poll_long_plateau,legitimate,,15,,
S1+cap128,ho-L1-1005,L1_poll_long_plateau,legitimate,,41,23,near_dup
S1+cap128,ho-L1-1006,L1_poll_long_plateau,legitimate,,25,23,near_dup
S1+cap128,ho-L1-1007,L1_poll_long_plateau,legitimate,,45,23,near_dup
S1+cap128,ho-L1-1008,L1_poll_long_plateau,legitimate,,32,23,near_dup
S1+cap128,ho-L1-1009,L1_poll_long_plateau,legitimate,,37,23,near_dup
S1+cap128,ho-L2-1000,L2_retries_backoff_refresh,legitimate,,8,,
S1+cap128,ho-L2-1001,L2_retries_backoff_refresh,legitimate,,6,,
S1+cap128,ho-L2-1002,L2_retries_backoff_refresh,legitimate,,9,,
S1+cap128,ho-L2-1003,L2_retries_backoff_refresh,legitimate,,9,,
S1+cap128,ho-L2-1004,L2_retries_backoff_refresh,legitimate,,10,,
S1+cap128,ho-L2-1005,L2_retries_backoff_refresh,legitimate,,10,,
S1+cap128,ho-L2-1006,L2_retries_backoff_refresh,legitimate,,8,,
S1+cap128,ho-L2-1007,L2_retries_backoff_refresh,legitimate,,7,,
S1+cap128,ho-L2-1008,L2_retries_backoff_refresh,legitimate,,10,,
S1+cap128,ho-L2-1009,L2_retries_backoff_refresh,legitimate,,7,,
S1+cap128,ho-L3-1000,L3_paginated_cursor_quirks,legitimate,,42,,
S1+cap128,ho-L3-1001,L3_paginated_cursor_quirks,legitimate,,32,,
S1+cap128,ho-L3-1002,L3_paginated_cursor_quirks,legitimate,,28,,
S1+cap128,ho-L3-1003,L3_paginated_cursor_quirks,legitimate,,39,,
S1+cap128,ho-L3-1004,L3_paginated_cursor_quirks,legitimate,,39,,
S1+cap128,ho-L3-1005,L3_paginated_cursor_quirks,legitimate,,32,,
S1+cap128,ho-L3-1006,L3_paginated_cursor_quirks,legitimate,,31,,
S1+cap128,ho-L3-1007,L3_paginated_cursor_quirks,legitimate,,32,,
S1+cap128,ho-L3-1008,L3_paginated_cursor_quirks,legitimate,,33,,
S1+cap128,ho-L3-1009,L3_paginated_cursor_quirks,legitimate,,41,,
S1+cap128,ho-L4-1000,L4_batch_fanout_repeated_subcalls,legitimate,,30,,
S1+cap128,ho-L4-1001,L4_batch_fanout_repeated_subcalls,legitimate,,30,,
S1+cap128,ho-L4-1002,L4_batch_fanout_repeated_subcalls,legitimate,,42,,
S1+cap128,ho-L4-1003,L4_batch_fanout_repeated_subcalls,legitimate,,30,,
S1+cap128,ho-L4-1004,L4_batch_fanout_repeated_subcalls,legitimate,,30,,
S1+cap128,ho-L4-1005,L4_batch_fanout_repeated_subcalls,legitimate,,36,,
S1+cap128,ho-L4-1006,L4_batch_fanout_repeated_subcalls,legitimate,,42,,
S1+cap128,ho-L4-1007,L4_batch_fanout_repeated_subcalls,legitimate,,42,,
S1+cap128,ho-L4-1008,L4_batch_fanout_repeated_subcalls,legitimate,,48,,
S1+cap128,ho-L4-1009,L4_batch_fanout_repeated_subcalls,legitimate,,42,,
S1+cap128,ho-L5-1000,L5_idempotent_reread_after_write,legitimate,,21,,
S1+cap128,ho-L5-1001,L5_idempotent_reread_after_write,legitimate,,30,,
S1+cap128,ho-L5-1002,L5_idempotent_reread_after_write,legitimate,,33,,
S1+cap128,ho-L5-1003,L5_idempotent_reread_after_write,legitimate,,21,,
S1+cap128,ho-L5-1004,L5_idempotent_reread_after_write,legitimate,,27,,
S1+cap128,ho-L5-1005,L5_idempotent_reread_after_write,legitimate,,24,,
S1+cap128,ho-L5-1006,L5_idempotent_reread_after_write,legitimate,,24,,
S1+cap128,ho-L5-1007,L5_idempotent_reread_after_write,legitimate,,30,,
S1+cap128,ho-L5-1008,L5_idempotent_reread_after_write,legitimate,,39,,
S1+cap128,ho-L5-1009,L5_idempotent_reread_after_write,legitimate,,18,,
S1+cap128,ho-L6-1000,L6_test_fix_rerun,legitimate,,27,,
S1+cap128,ho-L6-1001,L6_test_fix_rerun,legitimate,,36,,
S1+cap128,ho-L6-1002,L6_test_fix_rerun,legitimate,,42,,
S1+cap128,ho-L6-1003,L6_test_fix_rerun,legitimate,,33,,
S1+cap128,ho-L6-1004,L6_test_fix_rerun,legitimate,,45,,
S1+cap128,ho-L6-1005,L6_test_fix_rerun,legitimate,,42,,
S1+cap128,ho-L6-1006,L6_test_fix_rerun,legitimate,,30,,
S1+cap128,ho-L6-1007,L6_test_fix_rerun,legitimate,,33,,
S1+cap128,ho-L6-1008,L6_test_fix_rerun,legitimate,,39,,
S1+cap128,ho-L6-1009,L6_test_fix_rerun,legitimate,,33,,
S1+cap128,ho-L7-1000,L7_noisy_results_unchanged_state,legitimate,,23,,
S1+cap128,ho-L7-1001,L7_noisy_results_unchanged_state,legitimate,,9,,
S1+cap128,ho-L7-1002,L7_noisy_results_unchanged_state,legitimate,,19,,
S1+cap128,ho-L7-1003,L7_noisy_results_unchanged_state,legitimate,,18,,
S1+cap128,ho-L7-1004,L7_noisy_results_unchanged_state,legitimate,,14,,
S1+cap128,ho-L7-1005,L7_noisy_results_unchanged_state,legitimate,,13,,
S1+cap128,ho-L7-1006,L7_noisy_results_unchanged_state,legitimate,,25,,
S1+cap128,ho-L7-1007,L7_noisy_results_unchanged_state,legitimate,,19,,
S1+cap128,ho-L7-1008,L7_noisy_results_unchanged_state,legitimate,,11,,
S1+cap128,ho-L7-1009,L7_noisy_results_unchanged_state,legitimate,,15,,
S1+cap128,ho-L8-1000,L8_large_fanout_distinct,legitimate,,97,,
S1+cap128,ho-L8-1001,L8_large_fanout_distinct,legitimate,,61,,
S1+cap128,ho-L8-1002,L8_large_fanout_distinct,legitimate,,99,,
S1+cap128,ho-L8-1003,L8_large_fanout_distinct,legitimate,,35,,
S1+cap128,ho-L8-1004,L8_large_fanout_distinct,legitimate,,38,,
S1+cap128,ho-L8-1005,L8_large_fanout_distinct,legitimate,,52,,
S1+cap128,ho-L8-1006,L8_large_fanout_distinct,legitimate,,58,,
S1+cap128,ho-L8-1007,L8_large_fanout_distinct,legitimate,,73,,
S1+cap128,ho-L8-1008,L8_large_fanout_distinct,legitimate,,61,,
S1+cap128,ho-L8-1009,L8_large_fanout_distinct,legitimate,,27,,
S1+cap128,ho-L9-1000,L9_tree_crawl,legitimate,,37,,
S1+cap128,ho-L9-1001,L9_tree_crawl,legitimate,,28,,
S1+cap128,ho-L9-1002,L9_tree_crawl,legitimate,,35,,
S1+cap128,ho-L9-1003,L9_tree_crawl,legitimate,,44,,
S1+cap128,ho-L9-1004,L9_tree_crawl,legitimate,,44,,
S1+cap128,ho-L9-1005,L9_tree_crawl,legitimate,,58,,
S1+cap128,ho-L9-1006,L9_tree_crawl,legitimate,,30,,
S1+cap128,ho-L9-1007,L9_tree_crawl,legitimate,,30,,
S1+cap128,ho-L9-1008,L9_tree_crawl,legitimate,,54,,
S1+cap128,ho-L9-1009,L9_tree_crawl,legitimate,,44,,
S1+cap128,ho-L10-1000,L10_alternating_two_tool_distinct,legitimate,,54,,
S1+cap128,ho-L10-1001,L10_alternating_two_tool_distinct,legitimate,,74,,
S1+cap128,ho-L10-1002,L10_alternating_two_tool_distinct,legitimate,,40,,
S1+cap128,ho-L10-1003,L10_alternating_two_tool_distinct,legitimate,,88,,
S1+cap128,ho-L10-1004,L10_alternating_two_tool_distinct,legitimate,,84,,
S1+cap128,ho-L10-1005,L10_alternating_two_tool_distinct,legitimate,,42,,
S1+cap128,ho-L10-1006,L10_alternating_two_tool_distinct,legitimate,,42,,
S1+cap128,ho-L10-1007,L10_alternating_two_tool_distinct,legitimate,,46,,
S1+cap128,ho-L10-1008,L10_alternating_two_tool_distinct,legitimate,,66,,
S1+cap128,ho-L10-1009,L10_alternating_two_tool_distinct,legitimate,,74,,
S1+cap128,ho-L11-1000,L11_batch_polling_multi_job,legitimate,,60,23,cycle
S1+cap128,ho-L11-1001,L11_batch_polling_multi_job,legitimate,,36,19,cross_turn
S1+cap128,ho-L11-1002,L11_batch_polling_multi_job,legitimate,,40,19,cross_turn
S1+cap128,ho-L11-1003,L11_batch_polling_multi_job,legitimate,,48,23,cycle
S1+cap128,ho-L11-1004,L11_batch_polling_multi_job,legitimate,,40,19,cross_turn
S1+cap128,ho-L11-1005,L11_batch_polling_multi_job,legitimate,,54,23,cycle
S1+cap128,ho-L11-1006,L11_batch_polling_multi_job,legitimate,,40,19,cross_turn
S1+cap128,ho-L11-1007,L11_batch_polling_multi_job,legitimate,,60,23,cycle
S1+cap128,ho-L11-1008,L11_batch_polling_multi_job,legitimate,,48,23,cycle
S1+cap128,ho-L11-1009,L11_batch_polling_multi_job,legitimate,,60,23,cycle
S1+cap128,ho-hw-F-lcm3tool,hw_flood_3tool_cycle,flood,3,42,23,cycle
S1+cap128,ho-hw-F-oscillate,hw_flood_oscillating_edit,flood,5,60,23,cycle
S1+cap128,ho-hw-F-querycreep,hw_flood_query_creep,flood,1,40,,
S1+cap128,ho-hw-F-poll-reread,hw_flood_poll_then_reread,flood,2,40,23,cycle
S1+cap128,ho-hw-F-sameerror,hw_flood_same_error_retry,flood,1,25,23,near_dup
S1+cap128,ho-hw-F-startdone3,hw_flood_startdone_3ids,flood,6,60,23,cycle
S1+cap128,ho-hw-L-poll60,hw_legit_poll_plateau60,legitimate,,61,23,near_dup
S1+cap128,ho-hw-L-backoff-capped,hw_legit_backoff_capped_plateau,legitimate,,10,,
S1+cap128,ho-hw-L-tokenrefresh,hw_legit_token_refresh_retry,legitimate,,4,,
S1+cap128,ho-hw-L-dup-page,hw_legit_pagination_duplicate_page,legitimate,,6,,
S1+cap128,ho-hw-L-resample45,hw_legit_repeated_subcalls_fanout,legitimate,,45,,
S1+cap128,ho-hw-L-write-read,hw_legit_write_read_verify,legitimate,,4,,
S1+cap128,ho-hw-L-testrerun,hw_legit_test_rerun_stagnation,legitimate,,12,,
S1+cap128,ho-hw-L-noisypoll,hw_legit_noisy_poll,legitimate,,16,,
S1+cap128,ho-hw-L-fanout70,hw_legit_fanout70_distinct,legitimate,,70,,
S1+cap128,ho-hw-L-oneretry,hw_legit_single_retry,legitimate,,2,,
S1+cap128,ho-hw-L-search-doc,hw_legit_alternating_search_doc,legitimate,,24,,
S1+cap128,ho-hw-L-monitor4,hw_legit_monitor_4_services,legitimate,,28,,
S2,ho-F1-1000,F1_slow_drift_offset,flood,1,51,,
S2,ho-F1-1001,F1_slow_drift_offset,flood,1,79,,
S2,ho-F1-1002,F1_slow_drift_offset,flood,1,50,,
S2,ho-F1-1003,F1_slow_drift_offset,flood,1,61,,
S2,ho-F1-1004,F1_slow_drift_offset,flood,1,75,,
S2,ho-F1-1005,F1_slow_drift_offset,flood,1,59,,
S2,ho-F1-1006,F1_slow_drift_offset,flood,1,79,,
S2,ho-F1-1007,F1_slow_drift_offset,flood,1,71,,
S2,ho-F2-1000,F2_slow_drift_timestamp,flood,1,70,,
S2,ho-F2-1001,F2_slow_drift_timestamp,flood,1,53,,
S2,ho-F2-1002,F2_slow_drift_timestamp,flood,1,66,,
S2,ho-F2-1003,F2_slow_drift_timestamp,flood,1,56,,
S2,ho-F2-1004,F2_slow_drift_timestamp,flood,1,57,,
S2,ho-F2-1005,F2_slow_drift_timestamp,flood,1,53,,
S2,ho-F2-1006,F2_slow_drift_timestamp,flood,1,53,,
S2,ho-F2-1007,F2_slow_drift_timestamp,flood,1,68,,
S2,ho-F3-1000,F3_mixed_tool_lcm_cycle,flood,12,144,143,cycle
S2,ho-F3-1001,F3_mixed_tool_lcm_cycle,flood,12,144,143,cycle
S2,ho-F3-1002,F3_mixed_tool_lcm_cycle,flood,10,144,143,cycle
S2,ho-F3-1003,F3_mixed_tool_lcm_cycle,flood,12,144,143,cycle
S2,ho-F3-1004,F3_mixed_tool_lcm_cycle,flood,8,72,71,cycle
S2,ho-F3-1005,F3_mixed_tool_lcm_cycle,flood,8,72,71,cycle
S2,ho-F3-1006,F3_mixed_tool_lcm_cycle,flood,10,144,143,cycle
S2,ho-F3-1007,F3_mixed_tool_lcm_cycle,flood,10,144,143,cycle
S2,ho-F4-1000,F4_noisy_result_repeat,flood,1,47,,
S2,ho-F4-1001,F4_noisy_result_repeat,flood,1,49,,
S2,ho-F4-1002,F4_noisy_result_repeat,flood,1,37,,
S2,ho-F4-1003,F4_noisy_result_repeat,flood,1,41,,
S2,ho-F4-1004,F4_noisy_result_repeat,flood,1,39,,
S2,ho-F4-1005,F4_noisy_result_repeat,flood,1,38,,
S2,ho-F4-1006,F4_noisy_result_repeat,flood,1,48,,
S2,ho-F4-1007,F4_noisy_result_repeat,flood,1,35,,
S2,ho-F5-1000,F5_low_rate_with_heartbeat,flood,4,104,,
S2,ho-F5-1001,F5_low_rate_with_heartbeat,flood,4,108,,
S2,ho-F5-1002,F5_low_rate_with_heartbeat,flood,4,104,,
S2,ho-F5-1003,F5_low_rate_with_heartbeat,flood,4,108,,
S2,ho-F5-1004,F5_low_rate_with_heartbeat,flood,4,92,,
S2,ho-F5-1005,F5_low_rate_with_heartbeat,flood,4,104,,
S2,ho-F5-1006,F5_low_rate_with_heartbeat,flood,4,104,,
S2,ho-F5-1007,F5_low_rate_with_heartbeat,flood,4,88,,
S2,ho-F6-1000,F6_flood_after_legit_prefix,flood,27,117,67,cycle
S2,ho-F6-1001,F6_flood_after_legit_prefix,flood,29,115,69,cycle
S2,ho-F6-1002,F6_flood_after_legit_prefix,flood,32,118,70,cycle
S2,ho-F6-1003,F6_flood_after_legit_prefix,flood,29,119,70,cycle
S2,ho-F6-1004,F6_flood_after_legit_prefix,flood,28,126,67,cycle
S2,ho-F6-1005,F6_flood_after_legit_prefix,flood,28,130,68,cycle
S2,ho-F6-1006,F6_flood_after_legit_prefix,flood,28,116,66,cycle
S2,ho-F6-1007,F6_flood_after_legit_prefix,flood,29,124,67,cycle
S2,ho-F7-1000,F7_startdone_rotating_permuted_ids,flood,42,126,,
S2,ho-F7-1001,F7_startdone_rotating_permuted_ids,flood,38,114,,
S2,ho-F7-1002,F7_startdone_rotating_permuted_ids,flood,54,162,,
S2,ho-F7-1003,F7_startdone_rotating_permuted_ids,flood,42,126,,
S2,ho-F7-1004,F7_startdone_rotating_permuted_ids,flood,40,120,,
S2,ho-F7-1005,F7_startdone_rotating_permuted_ids,flood,38,114,,
S2,ho-F7-1006,F7_startdone_rotating_permuted_ids,flood,42,126,,
S2,ho-F7-1007,F7_startdone_rotating_permuted_ids,flood,46,138,,
S2,ho-F8-1000,F8_oscillating_edit_same_failure,flood,5,90,47,cycle
S2,ho-F8-1001,F8_oscillating_edit_same_failure,flood,5,60,47,cycle
S2,ho-F8-1002,F8_oscillating_edit_same_failure,flood,5,66,47,cycle
S2,ho-F8-1003,F8_oscillating_edit_same_failure,flood,5,76,47,cycle
S2,ho-F8-1004,F8_oscillating_edit_same_failure,flood,5,80,47,cycle
S2,ho-F8-1005,F8_oscillating_edit_same_failure,flood,5,60,47,cycle
S2,ho-F8-1006,F8_oscillating_edit_same_failure,flood,5,68,47,cycle
S2,ho-F8-1007,F8_oscillating_edit_same_failure,flood,5,88,47,cycle
S2,ho-F9-1000,F9_growing_batch_repeat,flood,12,105,104,cross_turn
S2,ho-F9-1001,F9_growing_batch_repeat,flood,10,91,90,cross_turn
S2,ho-F9-1002,F9_growing_batch_repeat,flood,12,105,104,cross_turn
S2,ho-F9-1003,F9_growing_batch_repeat,flood,11,116,97,cross_turn
S2,ho-F9-1004,F9_growing_batch_repeat,flood,8,77,,
S2,ho-F9-1005,F9_growing_batch_repeat,flood,14,119,118,cross_turn
S2,ho-F9-1006,F9_growing_batch_repeat,flood,9,117,83,cross_turn
S2,ho-F9-1007,F9_growing_batch_repeat,flood,9,117,83,cross_turn
S2,ho-L1-1000,L1_poll_long_plateau,legitimate,,23,,
S2,ho-L1-1001,L1_poll_long_plateau,legitimate,,25,,
S2,ho-L1-1002,L1_poll_long_plateau,legitimate,,32,,
S2,ho-L1-1003,L1_poll_long_plateau,legitimate,,30,,
S2,ho-L1-1004,L1_poll_long_plateau,legitimate,,15,,
S2,ho-L1-1005,L1_poll_long_plateau,legitimate,,41,,
S2,ho-L1-1006,L1_poll_long_plateau,legitimate,,25,,
S2,ho-L1-1007,L1_poll_long_plateau,legitimate,,45,,
S2,ho-L1-1008,L1_poll_long_plateau,legitimate,,32,,
S2,ho-L1-1009,L1_poll_long_plateau,legitimate,,37,,
S2,ho-L2-1000,L2_retries_backoff_refresh,legitimate,,8,,
S2,ho-L2-1001,L2_retries_backoff_refresh,legitimate,,6,,
S2,ho-L2-1002,L2_retries_backoff_refresh,legitimate,,9,,
S2,ho-L2-1003,L2_retries_backoff_refresh,legitimate,,9,,
S2,ho-L2-1004,L2_retries_backoff_refresh,legitimate,,10,,
S2,ho-L2-1005,L2_retries_backoff_refresh,legitimate,,10,,
S2,ho-L2-1006,L2_retries_backoff_refresh,legitimate,,8,,
S2,ho-L2-1007,L2_retries_backoff_refresh,legitimate,,7,,
S2,ho-L2-1008,L2_retries_backoff_refresh,legitimate,,10,,
S2,ho-L2-1009,L2_retries_backoff_refresh,legitimate,,7,,
S2,ho-L3-1000,L3_paginated_cursor_quirks,legitimate,,42,,
S2,ho-L3-1001,L3_paginated_cursor_quirks,legitimate,,32,,
S2,ho-L3-1002,L3_paginated_cursor_quirks,legitimate,,28,,
S2,ho-L3-1003,L3_paginated_cursor_quirks,legitimate,,39,,
S2,ho-L3-1004,L3_paginated_cursor_quirks,legitimate,,39,,
S2,ho-L3-1005,L3_paginated_cursor_quirks,legitimate,,32,,
S2,ho-L3-1006,L3_paginated_cursor_quirks,legitimate,,31,,
S2,ho-L3-1007,L3_paginated_cursor_quirks,legitimate,,32,,
S2,ho-L3-1008,L3_paginated_cursor_quirks,legitimate,,33,,
S2,ho-L3-1009,L3_paginated_cursor_quirks,legitimate,,41,,
S2,ho-L4-1000,L4_batch_fanout_repeated_subcalls,legitimate,,30,,
S2,ho-L4-1001,L4_batch_fanout_repeated_subcalls,legitimate,,30,,
S2,ho-L4-1002,L4_batch_fanout_repeated_subcalls,legitimate,,42,,
S2,ho-L4-1003,L4_batch_fanout_repeated_subcalls,legitimate,,30,,
S2,ho-L4-1004,L4_batch_fanout_repeated_subcalls,legitimate,,30,,
S2,ho-L4-1005,L4_batch_fanout_repeated_subcalls,legitimate,,36,,
S2,ho-L4-1006,L4_batch_fanout_repeated_subcalls,legitimate,,42,,
S2,ho-L4-1007,L4_batch_fanout_repeated_subcalls,legitimate,,42,,
S2,ho-L4-1008,L4_batch_fanout_repeated_subcalls,legitimate,,48,,
S2,ho-L4-1009,L4_batch_fanout_repeated_subcalls,legitimate,,42,,
S2,ho-L5-1000,L5_idempotent_reread_after_write,legitimate,,21,,
S2,ho-L5-1001,L5_idempotent_reread_after_write,legitimate,,30,,
S2,ho-L5-1002,L5_idempotent_reread_after_write,legitimate,,33,,
S2,ho-L5-1003,L5_idempotent_reread_after_write,legitimate,,21,,
S2,ho-L5-1004,L5_idempotent_reread_after_write,legitimate,,27,,
S2,ho-L5-1005,L5_idempotent_reread_after_write,legitimate,,24,,
S2,ho-L5-1006,L5_idempotent_reread_after_write,legitimate,,24,,
S2,ho-L5-1007,L5_idempotent_reread_after_write,legitimate,,30,,
S2,ho-L5-1008,L5_idempotent_reread_after_write,legitimate,,39,,
S2,ho-L5-1009,L5_idempotent_reread_after_write,legitimate,,18,,
S2,ho-L6-1000,L6_test_fix_rerun,legitimate,,27,,
S2,ho-L6-1001,L6_test_fix_rerun,legitimate,,36,,
S2,ho-L6-1002,L6_test_fix_rerun,legitimate,,42,,
S2,ho-L6-1003,L6_test_fix_rerun,legitimate,,33,,
S2,ho-L6-1004,L6_test_fix_rerun,legitimate,,45,,
S2,ho-L6-1005,L6_test_fix_rerun,legitimate,,42,,
S2,ho-L6-1006,L6_test_fix_rerun,legitimate,,30,,
S2,ho-L6-1007,L6_test_fix_rerun,legitimate,,33,,
S2,ho-L6-1008,L6_test_fix_rerun,legitimate,,39,,
S2,ho-L6-1009,L6_test_fix_rerun,legitimate,,33,,
S2,ho-L7-1000,L7_noisy_results_unchanged_state,legitimate,,23,,
S2,ho-L7-1001,L7_noisy_results_unchanged_state,legitimate,,9,,
S2,ho-L7-1002,L7_noisy_results_unchanged_state,legitimate,,19,,
S2,ho-L7-1003,L7_noisy_results_unchanged_state,legitimate,,18,,
S2,ho-L7-1004,L7_noisy_results_unchanged_state,legitimate,,14,,
S2,ho-L7-1005,L7_noisy_results_unchanged_state,legitimate,,13,,
S2,ho-L7-1006,L7_noisy_results_unchanged_state,legitimate,,25,,
S2,ho-L7-1007,L7_noisy_results_unchanged_state,legitimate,,19,,
S2,ho-L7-1008,L7_noisy_results_unchanged_state,legitimate,,11,,
S2,ho-L7-1009,L7_noisy_results_unchanged_state,legitimate,,15,,
S2,ho-L8-1000,L8_large_fanout_distinct,legitimate,,97,,
S2,ho-L8-1001,L8_large_fanout_distinct,legitimate,,61,,
S2,ho-L8-1002,L8_large_fanout_distinct,legitimate,,99,,
S2,ho-L8-1003,L8_large_fanout_distinct,legitimate,,35,,
S2,ho-L8-1004,L8_large_fanout_distinct,legitimate,,38,,
S2,ho-L8-1005,L8_large_fanout_distinct,legitimate,,52,,
S2,ho-L8-1006,L8_large_fanout_distinct,legitimate,,58,,
S2,ho-L8-1007,L8_large_fanout_distinct,legitimate,,73,,
S2,ho-L8-1008,L8_large_fanout_distinct,legitimate,,61,,
S2,ho-L8-1009,L8_large_fanout_distinct,legitimate,,27,,
S2,ho-L9-1000,L9_tree_crawl,legitimate,,37,,
S2,ho-L9-1001,L9_tree_crawl,legitimate,,28,,
S2,ho-L9-1002,L9_tree_crawl,legitimate,,35,,
S2,ho-L9-1003,L9_tree_crawl,legitimate,,44,,
S2,ho-L9-1004,L9_tree_crawl,legitimate,,44,,
S2,ho-L9-1005,L9_tree_crawl,legitimate,,58,,
S2,ho-L9-1006,L9_tree_crawl,legitimate,,30,,
S2,ho-L9-1007,L9_tree_crawl,legitimate,,30,,
S2,ho-L9-1008,L9_tree_crawl,legitimate,,54,,
S2,ho-L9-1009,L9_tree_crawl,legitimate,,44,,
S2,ho-L10-1000,L10_alternating_two_tool_distinct,legitimate,,54,,
S2,ho-L10-1001,L10_alternating_two_tool_distinct,legitimate,,74,,
S2,ho-L10-1002,L10_alternating_two_tool_distinct,legitimate,,40,,
S2,ho-L10-1003,L10_alternating_two_tool_distinct,legitimate,,88,,
S2,ho-L10-1004,L10_alternating_two_tool_distinct,legitimate,,84,,
S2,ho-L10-1005,L10_alternating_two_tool_distinct,legitimate,,42,,
S2,ho-L10-1006,L10_alternating_two_tool_distinct,legitimate,,42,,
S2,ho-L10-1007,L10_alternating_two_tool_distinct,legitimate,,46,,
S2,ho-L10-1008,L10_alternating_two_tool_distinct,legitimate,,66,,
S2,ho-L10-1009,L10_alternating_two_tool_distinct,legitimate,,74,,
S2,ho-L11-1000,L11_batch_polling_multi_job,legitimate,,60,41,cross_turn
S2,ho-L11-1001,L11_batch_polling_multi_job,legitimate,,36,27,cross_turn
S2,ho-L11-1002,L11_batch_polling_multi_job,legitimate,,40,27,cross_turn
S2,ho-L11-1003,L11_batch_polling_multi_job,legitimate,,48,47,cycle
S2,ho-L11-1004,L11_batch_polling_multi_job,legitimate,,40,31,cross_turn
S2,ho-L11-1005,L11_batch_polling_multi_job,legitimate,,54,41,cross_turn
S2,ho-L11-1006,L11_batch_polling_multi_job,legitimate,,40,27,cross_turn
S2,ho-L11-1007,L11_batch_polling_multi_job,legitimate,,60,41,cross_turn
S2,ho-L11-1008,L11_batch_polling_multi_job,legitimate,,48,47,cycle
S2,ho-L11-1009,L11_batch_polling_multi_job,legitimate,,60,41,cross_turn
S2,ho-hw-F-lcm3tool,hw_flood_3tool_cycle,flood,3,42,,
S2,ho-hw-F-oscillate,hw_flood_oscillating_edit,flood,5,60,47,cycle
S2,ho-hw-F-querycreep,hw_flood_query_creep,flood,1,40,,
S2,ho-hw-F-poll-reread,hw_flood_poll_then_reread,flood,2,40,,
S2,ho-hw-F-sameerror,hw_flood_same_error_retry,flood,1,25,,
S2,ho-hw-F-startdone3,hw_flood_startdone_3ids,flood,6,60,47,cycle
S2,ho-hw-L-poll60,hw_legit_poll_plateau60,legitimate,,61,47,near_dup
S2,ho-hw-L-backoff-capped,hw_legit_backoff_capped_plateau,legitimate,,10,,
S2,ho-hw-L-tokenrefresh,hw_legit_token_refresh_retry,legitimate,,4,,
S2,ho-hw-L-dup-page,hw_legit_pagination_duplicate_page,legitimate,,6,,
S2,ho-hw-L-resample45,hw_legit_repeated_subcalls_fanout,legitimate,,45,,
S2,ho-hw-L-write-read,hw_legit_write_read_verify,legitimate,,4,,
S2,ho-hw-L-testrerun,hw_legit_test_rerun_stagnation,legitimate,,12,,
S2,ho-hw-L-noisypoll,hw_legit_noisy_poll,legitimate,,16,,
S2,ho-hw-L-fanout70,hw_legit_fanout70_distinct,legitimate,,70,,
S2,ho-hw-L-oneretry,hw_legit_single_retry,legitimate,,2,,
S2,ho-hw-L-search-doc,hw_legit_alternating_search_doc,legitimate,,24,,
S2,ho-hw-L-monitor4,hw_legit_monitor_4_services,legitimate,,28,,
S2+cap64,ho-F1-1000,F1_slow_drift_offset,flood,1,51,,
S2+cap64,ho-F1-1001,F1_slow_drift_offset,flood,1,79,,
S2+cap64,ho-F1-1002,F1_slow_drift_offset,flood,1,50,,
S2+cap64,ho-F1-1003,F1_slow_drift_offset,flood,1,61,,
S2+cap64,ho-F1-1004,F1_slow_drift_offset,flood,1,75,,
S2+cap64,ho-F1-1005,F1_slow_drift_offset,flood,1,59,,
S2+cap64,ho-F1-1006,F1_slow_drift_offset,flood,1,79,,
S2+cap64,ho-F1-1007,F1_slow_drift_offset,flood,1,71,,
S2+cap64,ho-F2-1000,F2_slow_drift_timestamp,flood,1,70,,
S2+cap64,ho-F2-1001,F2_slow_drift_timestamp,flood,1,53,,
S2+cap64,ho-F2-1002,F2_slow_drift_timestamp,flood,1,66,,
S2+cap64,ho-F2-1003,F2_slow_drift_timestamp,flood,1,56,,
S2+cap64,ho-F2-1004,F2_slow_drift_timestamp,flood,1,57,,
S2+cap64,ho-F2-1005,F2_slow_drift_timestamp,flood,1,53,,
S2+cap64,ho-F2-1006,F2_slow_drift_timestamp,flood,1,53,,
S2+cap64,ho-F2-1007,F2_slow_drift_timestamp,flood,1,68,,
S2+cap64,ho-F3-1000,F3_mixed_tool_lcm_cycle,flood,12,144,143,cycle
S2+cap64,ho-F3-1001,F3_mixed_tool_lcm_cycle,flood,12,144,143,cycle
S2+cap64,ho-F3-1002,F3_mixed_tool_lcm_cycle,flood,10,144,143,cycle
S2+cap64,ho-F3-1003,F3_mixed_tool_lcm_cycle,flood,12,144,143,cycle
S2+cap64,ho-F3-1004,F3_mixed_tool_lcm_cycle,flood,8,72,71,cycle
S2+cap64,ho-F3-1005,F3_mixed_tool_lcm_cycle,flood,8,72,71,cycle
S2+cap64,ho-F3-1006,F3_mixed_tool_lcm_cycle,flood,10,144,143,cycle
S2+cap64,ho-F3-1007,F3_mixed_tool_lcm_cycle,flood,10,144,143,cycle
S2+cap64,ho-F4-1000,F4_noisy_result_repeat,flood,1,47,,
S2+cap64,ho-F4-1001,F4_noisy_result_repeat,flood,1,49,,
S2+cap64,ho-F4-1002,F4_noisy_result_repeat,flood,1,37,,
S2+cap64,ho-F4-1003,F4_noisy_result_repeat,flood,1,41,,
S2+cap64,ho-F4-1004,F4_noisy_result_repeat,flood,1,39,,
S2+cap64,ho-F4-1005,F4_noisy_result_repeat,flood,1,38,,
S2+cap64,ho-F4-1006,F4_noisy_result_repeat,flood,1,48,,
S2+cap64,ho-F4-1007,F4_noisy_result_repeat,flood,1,35,,
S2+cap64,ho-F5-1000,F5_low_rate_with_heartbeat,flood,4,104,,
S2+cap64,ho-F5-1001,F5_low_rate_with_heartbeat,flood,4,108,,
S2+cap64,ho-F5-1002,F5_low_rate_with_heartbeat,flood,4,104,,
S2+cap64,ho-F5-1003,F5_low_rate_with_heartbeat,flood,4,108,,
S2+cap64,ho-F5-1004,F5_low_rate_with_heartbeat,flood,4,92,,
S2+cap64,ho-F5-1005,F5_low_rate_with_heartbeat,flood,4,104,,
S2+cap64,ho-F5-1006,F5_low_rate_with_heartbeat,flood,4,104,,
S2+cap64,ho-F5-1007,F5_low_rate_with_heartbeat,flood,4,88,,
S2+cap64,ho-F6-1000,F6_flood_after_legit_prefix,flood,27,117,67,cycle
S2+cap64,ho-F6-1001,F6_flood_after_legit_prefix,flood,29,115,69,cycle
S2+cap64,ho-F6-1002,F6_flood_after_legit_prefix,flood,32,118,70,cycle
S2+cap64,ho-F6-1003,F6_flood_after_legit_prefix,flood,29,119,70,cycle
S2+cap64,ho-F6-1004,F6_flood_after_legit_prefix,flood,28,126,67,cycle
S2+cap64,ho-F6-1005,F6_flood_after_legit_prefix,flood,28,130,68,cycle
S2+cap64,ho-F6-1006,F6_flood_after_legit_prefix,flood,28,116,66,cycle
S2+cap64,ho-F6-1007,F6_flood_after_legit_prefix,flood,29,124,67,cycle
S2+cap64,ho-F7-1000,F7_startdone_rotating_permuted_ids,flood,42,126,64,cap
S2+cap64,ho-F7-1001,F7_startdone_rotating_permuted_ids,flood,38,114,64,cap
S2+cap64,ho-F7-1002,F7_startdone_rotating_permuted_ids,flood,54,162,64,cap
S2+cap64,ho-F7-1003,F7_startdone_rotating_permuted_ids,flood,42,126,64,cap
S2+cap64,ho-F7-1004,F7_startdone_rotating_permuted_ids,flood,40,120,64,cap
S2+cap64,ho-F7-1005,F7_startdone_rotating_permuted_ids,flood,38,114,64,cap
S2+cap64,ho-F7-1006,F7_startdone_rotating_permuted_ids,flood,42,126,64,cap
S2+cap64,ho-F7-1007,F7_startdone_rotating_permuted_ids,flood,46,138,64,cap
S2+cap64,ho-F8-1000,F8_oscillating_edit_same_failure,flood,5,90,47,cycle
S2+cap64,ho-F8-1001,F8_oscillating_edit_same_failure,flood,5,60,47,cycle
S2+cap64,ho-F8-1002,F8_oscillating_edit_same_failure,flood,5,66,47,cycle
S2+cap64,ho-F8-1003,F8_oscillating_edit_same_failure,flood,5,76,47,cycle
S2+cap64,ho-F8-1004,F8_oscillating_edit_same_failure,flood,5,80,47,cycle
S2+cap64,ho-F8-1005,F8_oscillating_edit_same_failure,flood,5,60,47,cycle
S2+cap64,ho-F8-1006,F8_oscillating_edit_same_failure,flood,5,68,47,cycle
S2+cap64,ho-F8-1007,F8_oscillating_edit_same_failure,flood,5,88,47,cycle
S2+cap64,ho-F9-1000,F9_growing_batch_repeat,flood,12,105,104,cross_turn
S2+cap64,ho-F9-1001,F9_growing_batch_repeat,flood,10,91,90,cross_turn
S2+cap64,ho-F9-1002,F9_growing_batch_repeat,flood,12,105,104,cross_turn
S2+cap64,ho-F9-1003,F9_growing_batch_repeat,flood,11,116,97,cross_turn
S2+cap64,ho-F9-1004,F9_growing_batch_repeat,flood,8,77,,
S2+cap64,ho-F9-1005,F9_growing_batch_repeat,flood,14,119,118,cross_turn
S2+cap64,ho-F9-1006,F9_growing_batch_repeat,flood,9,117,83,cross_turn
S2+cap64,ho-F9-1007,F9_growing_batch_repeat,flood,9,117,83,cross_turn
S2+cap64,ho-L1-1000,L1_poll_long_plateau,legitimate,,23,,
S2+cap64,ho-L1-1001,L1_poll_long_plateau,legitimate,,25,,
S2+cap64,ho-L1-1002,L1_poll_long_plateau,legitimate,,32,,
S2+cap64,ho-L1-1003,L1_poll_long_plateau,legitimate,,30,,
S2+cap64,ho-L1-1004,L1_poll_long_plateau,legitimate,,15,,
S2+cap64,ho-L1-1005,L1_poll_long_plateau,legitimate,,41,,
S2+cap64,ho-L1-1006,L1_poll_long_plateau,legitimate,,25,,
S2+cap64,ho-L1-1007,L1_poll_long_plateau,legitimate,,45,,
S2+cap64,ho-L1-1008,L1_poll_long_plateau,legitimate,,32,,
S2+cap64,ho-L1-1009,L1_poll_long_plateau,legitimate,,37,,
S2+cap64,ho-L2-1000,L2_retries_backoff_refresh,legitimate,,8,,
S2+cap64,ho-L2-1001,L2_retries_backoff_refresh,legitimate,,6,,
S2+cap64,ho-L2-1002,L2_retries_backoff_refresh,legitimate,,9,,
S2+cap64,ho-L2-1003,L2_retries_backoff_refresh,legitimate,,9,,
S2+cap64,ho-L2-1004,L2_retries_backoff_refresh,legitimate,,10,,
S2+cap64,ho-L2-1005,L2_retries_backoff_refresh,legitimate,,10,,
S2+cap64,ho-L2-1006,L2_retries_backoff_refresh,legitimate,,8,,
S2+cap64,ho-L2-1007,L2_retries_backoff_refresh,legitimate,,7,,
S2+cap64,ho-L2-1008,L2_retries_backoff_refresh,legitimate,,10,,
S2+cap64,ho-L2-1009,L2_retries_backoff_refresh,legitimate,,7,,
S2+cap64,ho-L3-1000,L3_paginated_cursor_quirks,legitimate,,42,,
S2+cap64,ho-L3-1001,L3_paginated_cursor_quirks,legitimate,,32,,
S2+cap64,ho-L3-1002,L3_paginated_cursor_quirks,legitimate,,28,,
S2+cap64,ho-L3-1003,L3_paginated_cursor_quirks,legitimate,,39,,
S2+cap64,ho-L3-1004,L3_paginated_cursor_quirks,legitimate,,39,,
S2+cap64,ho-L3-1005,L3_paginated_cursor_quirks,legitimate,,32,,
S2+cap64,ho-L3-1006,L3_paginated_cursor_quirks,legitimate,,31,,
S2+cap64,ho-L3-1007,L3_paginated_cursor_quirks,legitimate,,32,,
S2+cap64,ho-L3-1008,L3_paginated_cursor_quirks,legitimate,,33,,
S2+cap64,ho-L3-1009,L3_paginated_cursor_quirks,legitimate,,41,,
S2+cap64,ho-L4-1000,L4_batch_fanout_repeated_subcalls,legitimate,,30,,
S2+cap64,ho-L4-1001,L4_batch_fanout_repeated_subcalls,legitimate,,30,,
S2+cap64,ho-L4-1002,L4_batch_fanout_repeated_subcalls,legitimate,,42,,
S2+cap64,ho-L4-1003,L4_batch_fanout_repeated_subcalls,legitimate,,30,,
S2+cap64,ho-L4-1004,L4_batch_fanout_repeated_subcalls,legitimate,,30,,
S2+cap64,ho-L4-1005,L4_batch_fanout_repeated_subcalls,legitimate,,36,,
S2+cap64,ho-L4-1006,L4_batch_fanout_repeated_subcalls,legitimate,,42,,
S2+cap64,ho-L4-1007,L4_batch_fanout_repeated_subcalls,legitimate,,42,,
S2+cap64,ho-L4-1008,L4_batch_fanout_repeated_subcalls,legitimate,,48,,
S2+cap64,ho-L4-1009,L4_batch_fanout_repeated_subcalls,legitimate,,42,,
S2+cap64,ho-L5-1000,L5_idempotent_reread_after_write,legitimate,,21,,
S2+cap64,ho-L5-1001,L5_idempotent_reread_after_write,legitimate,,30,,
S2+cap64,ho-L5-1002,L5_idempotent_reread_after_write,legitimate,,33,,
S2+cap64,ho-L5-1003,L5_idempotent_reread_after_write,legitimate,,21,,
S2+cap64,ho-L5-1004,L5_idempotent_reread_after_write,legitimate,,27,,
S2+cap64,ho-L5-1005,L5_idempotent_reread_after_write,legitimate,,24,,
S2+cap64,ho-L5-1006,L5_idempotent_reread_after_write,legitimate,,24,,
S2+cap64,ho-L5-1007,L5_idempotent_reread_after_write,legitimate,,30,,
S2+cap64,ho-L5-1008,L5_idempotent_reread_after_write,legitimate,,39,,
S2+cap64,ho-L5-1009,L5_idempotent_reread_after_write,legitimate,,18,,
S2+cap64,ho-L6-1000,L6_test_fix_rerun,legitimate,,27,,
S2+cap64,ho-L6-1001,L6_test_fix_rerun,legitimate,,36,,
S2+cap64,ho-L6-1002,L6_test_fix_rerun,legitimate,,42,,
S2+cap64,ho-L6-1003,L6_test_fix_rerun,legitimate,,33,,
S2+cap64,ho-L6-1004,L6_test_fix_rerun,legitimate,,45,,
S2+cap64,ho-L6-1005,L6_test_fix_rerun,legitimate,,42,,
S2+cap64,ho-L6-1006,L6_test_fix_rerun,legitimate,,30,,
S2+cap64,ho-L6-1007,L6_test_fix_rerun,legitimate,,33,,
S2+cap64,ho-L6-1008,L6_test_fix_rerun,legitimate,,39,,
S2+cap64,ho-L6-1009,L6_test_fix_rerun,legitimate,,33,,
S2+cap64,ho-L7-1000,L7_noisy_results_unchanged_state,legitimate,,23,,
S2+cap64,ho-L7-1001,L7_noisy_results_unchanged_state,legitimate,,9,,
S2+cap64,ho-L7-1002,L7_noisy_results_unchanged_state,legitimate,,19,,
S2+cap64,ho-L7-1003,L7_noisy_results_unchanged_state,legitimate,,18,,
S2+cap64,ho-L7-1004,L7_noisy_results_unchanged_state,legitimate,,14,,
S2+cap64,ho-L7-1005,L7_noisy_results_unchanged_state,legitimate,,13,,
S2+cap64,ho-L7-1006,L7_noisy_results_unchanged_state,legitimate,,25,,
S2+cap64,ho-L7-1007,L7_noisy_results_unchanged_state,legitimate,,19,,
S2+cap64,ho-L7-1008,L7_noisy_results_unchanged_state,legitimate,,11,,
S2+cap64,ho-L7-1009,L7_noisy_results_unchanged_state,legitimate,,15,,
S2+cap64,ho-L8-1000,L8_large_fanout_distinct,legitimate,,97,64,cap
S2+cap64,ho-L8-1001,L8_large_fanout_distinct,legitimate,,61,,
S2+cap64,ho-L8-1002,L8_large_fanout_distinct,legitimate,,99,64,cap
S2+cap64,ho-L8-1003,L8_large_fanout_distinct,legitimate,,35,,
S2+cap64,ho-L8-1004,L8_large_fanout_distinct,legitimate,,38,,
S2+cap64,ho-L8-1005,L8_large_fanout_distinct,legitimate,,52,,
S2+cap64,ho-L8-1006,L8_large_fanout_distinct,legitimate,,58,,
S2+cap64,ho-L8-1007,L8_large_fanout_distinct,legitimate,,73,64,cap
S2+cap64,ho-L8-1008,L8_large_fanout_distinct,legitimate,,61,,
S2+cap64,ho-L8-1009,L8_large_fanout_distinct,legitimate,,27,,
S2+cap64,ho-L9-1000,L9_tree_crawl,legitimate,,37,,
S2+cap64,ho-L9-1001,L9_tree_crawl,legitimate,,28,,
S2+cap64,ho-L9-1002,L9_tree_crawl,legitimate,,35,,
S2+cap64,ho-L9-1003,L9_tree_crawl,legitimate,,44,,
S2+cap64,ho-L9-1004,L9_tree_crawl,legitimate,,44,,
S2+cap64,ho-L9-1005,L9_tree_crawl,legitimate,,58,,
S2+cap64,ho-L9-1006,L9_tree_crawl,legitimate,,30,,
S2+cap64,ho-L9-1007,L9_tree_crawl,legitimate,,30,,
S2+cap64,ho-L9-1008,L9_tree_crawl,legitimate,,54,,
S2+cap64,ho-L9-1009,L9_tree_crawl,legitimate,,44,,
S2+cap64,ho-L10-1000,L10_alternating_two_tool_distinct,legitimate,,54,,
S2+cap64,ho-L10-1001,L10_alternating_two_tool_distinct,legitimate,,74,,
S2+cap64,ho-L10-1002,L10_alternating_two_tool_distinct,legitimate,,40,,
S2+cap64,ho-L10-1003,L10_alternating_two_tool_distinct,legitimate,,88,,
S2+cap64,ho-L10-1004,L10_alternating_two_tool_distinct,legitimate,,84,,
S2+cap64,ho-L10-1005,L10_alternating_two_tool_distinct,legitimate,,42,,
S2+cap64,ho-L10-1006,L10_alternating_two_tool_distinct,legitimate,,42,,
S2+cap64,ho-L10-1007,L10_alternating_two_tool_distinct,legitimate,,46,,
S2+cap64,ho-L10-1008,L10_alternating_two_tool_distinct,legitimate,,66,,
S2+cap64,ho-L10-1009,L10_alternating_two_tool_distinct,legitimate,,74,,
S2+cap64,ho-L11-1000,L11_batch_polling_multi_job,legitimate,,60,41,cross_turn
S2+cap64,ho-L11-1001,L11_batch_polling_multi_job,legitimate,,36,27,cross_turn
S2+cap64,ho-L11-1002,L11_batch_polling_multi_job,legitimate,,40,27,cross_turn
S2+cap64,ho-L11-1003,L11_batch_polling_multi_job,legitimate,,48,47,cycle
S2+cap64,ho-L11-1004,L11_batch_polling_multi_job,legitimate,,40,31,cross_turn
S2+cap64,ho-L11-1005,L11_batch_polling_multi_job,legitimate,,54,41,cross_turn
S2+cap64,ho-L11-1006,L11_batch_polling_multi_job,legitimate,,40,27,cross_turn
S2+cap64,ho-L11-1007,L11_batch_polling_multi_job,legitimate,,60,41,cross_turn
S2+cap64,ho-L11-1008,L11_batch_polling_multi_job,legitimate,,48,47,cycle
S2+cap64,ho-L11-1009,L11_batch_polling_multi_job,legitimate,,60,41,cross_turn
S2+cap64,ho-hw-F-lcm3tool,hw_flood_3tool_cycle,flood,3,42,,
S2+cap64,ho-hw-F-oscillate,hw_flood_oscillating_edit,flood,5,60,47,cycle
S2+cap64,ho-hw-F-querycreep,hw_flood_query_creep,flood,1,40,,
S2+cap64,ho-hw-F-poll-reread,hw_flood_poll_then_reread,flood,2,40,,
S2+cap64,ho-hw-F-sameerror,hw_flood_same_error_retry,flood,1,25,,
S2+cap64,ho-hw-F-startdone3,hw_flood_startdone_3ids,flood,6,60,47,cycle
S2+cap64,ho-hw-L-poll60,hw_legit_poll_plateau60,legitimate,,61,47,near_dup
S2+cap64,ho-hw-L-backoff-capped,hw_legit_backoff_capped_plateau,legitimate,,10,,
S2+cap64,ho-hw-L-tokenrefresh,hw_legit_token_refresh_retry,legitimate,,4,,
S2+cap64,ho-hw-L-dup-page,hw_legit_pagination_duplicate_page,legitimate,,6,,
S2+cap64,ho-hw-L-resample45,hw_legit_repeated_subcalls_fanout,legitimate,,45,,
S2+cap64,ho-hw-L-write-read,hw_legit_write_read_verify,legitimate,,4,,
S2+cap64,ho-hw-L-testrerun,hw_legit_test_rerun_stagnation,legitimate,,12,,
S2+cap64,ho-hw-L-noisypoll,hw_legit_noisy_poll,legitimate,,16,,
S2+cap64,ho-hw-L-fanout70,hw_legit_fanout70_distinct,legitimate,,70,64,cap
S2+cap64,ho-hw-L-oneretry,hw_legit_single_retry,legitimate,,2,,
S2+cap64,ho-hw-L-search-doc,hw_legit_alternating_search_doc,legitimate,,24,,
S2+cap64,ho-hw-L-monitor4,hw_legit_monitor_4_services,legitimate,,28,,
S2+cap128,ho-F1-1000,F1_slow_drift_offset,flood,1,51,,
S2+cap128,ho-F1-1001,F1_slow_drift_offset,flood,1,79,,
S2+cap128,ho-F1-1002,F1_slow_drift_offset,flood,1,50,,
S2+cap128,ho-F1-1003,F1_slow_drift_offset,flood,1,61,,
S2+cap128,ho-F1-1004,F1_slow_drift_offset,flood,1,75,,
S2+cap128,ho-F1-1005,F1_slow_drift_offset,flood,1,59,,
S2+cap128,ho-F1-1006,F1_slow_drift_offset,flood,1,79,,
S2+cap128,ho-F1-1007,F1_slow_drift_offset,flood,1,71,,
S2+cap128,ho-F2-1000,F2_slow_drift_timestamp,flood,1,70,,
S2+cap128,ho-F2-1001,F2_slow_drift_timestamp,flood,1,53,,
S2+cap128,ho-F2-1002,F2_slow_drift_timestamp,flood,1,66,,
S2+cap128,ho-F2-1003,F2_slow_drift_timestamp,flood,1,56,,
S2+cap128,ho-F2-1004,F2_slow_drift_timestamp,flood,1,57,,
S2+cap128,ho-F2-1005,F2_slow_drift_timestamp,flood,1,53,,
S2+cap128,ho-F2-1006,F2_slow_drift_timestamp,flood,1,53,,
S2+cap128,ho-F2-1007,F2_slow_drift_timestamp,flood,1,68,,
S2+cap128,ho-F3-1000,F3_mixed_tool_lcm_cycle,flood,12,144,143,cycle
S2+cap128,ho-F3-1001,F3_mixed_tool_lcm_cycle,flood,12,144,143,cycle
S2+cap128,ho-F3-1002,F3_mixed_tool_lcm_cycle,flood,10,144,143,cycle
S2+cap128,ho-F3-1003,F3_mixed_tool_lcm_cycle,flood,12,144,143,cycle
S2+cap128,ho-F3-1004,F3_mixed_tool_lcm_cycle,flood,8,72,71,cycle
S2+cap128,ho-F3-1005,F3_mixed_tool_lcm_cycle,flood,8,72,71,cycle
S2+cap128,ho-F3-1006,F3_mixed_tool_lcm_cycle,flood,10,144,143,cycle
S2+cap128,ho-F3-1007,F3_mixed_tool_lcm_cycle,flood,10,144,143,cycle
S2+cap128,ho-F4-1000,F4_noisy_result_repeat,flood,1,47,,
S2+cap128,ho-F4-1001,F4_noisy_result_repeat,flood,1,49,,
S2+cap128,ho-F4-1002,F4_noisy_result_repeat,flood,1,37,,
S2+cap128,ho-F4-1003,F4_noisy_result_repeat,flood,1,41,,
S2+cap128,ho-F4-1004,F4_noisy_result_repeat,flood,1,39,,
S2+cap128,ho-F4-1005,F4_noisy_result_repeat,flood,1,38,,
S2+cap128,ho-F4-1006,F4_noisy_result_repeat,flood,1,48,,
S2+cap128,ho-F4-1007,F4_noisy_result_repeat,flood,1,35,,
S2+cap128,ho-F5-1000,F5_low_rate_with_heartbeat,flood,4,104,,
S2+cap128,ho-F5-1001,F5_low_rate_with_heartbeat,flood,4,108,,
S2+cap128,ho-F5-1002,F5_low_rate_with_heartbeat,flood,4,104,,
S2+cap128,ho-F5-1003,F5_low_rate_with_heartbeat,flood,4,108,,
S2+cap128,ho-F5-1004,F5_low_rate_with_heartbeat,flood,4,92,,
S2+cap128,ho-F5-1005,F5_low_rate_with_heartbeat,flood,4,104,,
S2+cap128,ho-F5-1006,F5_low_rate_with_heartbeat,flood,4,104,,
S2+cap128,ho-F5-1007,F5_low_rate_with_heartbeat,flood,4,88,,
S2+cap128,ho-F6-1000,F6_flood_after_legit_prefix,flood,27,117,67,cycle
S2+cap128,ho-F6-1001,F6_flood_after_legit_prefix,flood,29,115,69,cycle
S2+cap128,ho-F6-1002,F6_flood_after_legit_prefix,flood,32,118,70,cycle
S2+cap128,ho-F6-1003,F6_flood_after_legit_prefix,flood,29,119,70,cycle
S2+cap128,ho-F6-1004,F6_flood_after_legit_prefix,flood,28,126,67,cycle
S2+cap128,ho-F6-1005,F6_flood_after_legit_prefix,flood,28,130,68,cycle
S2+cap128,ho-F6-1006,F6_flood_after_legit_prefix,flood,28,116,66,cycle
S2+cap128,ho-F6-1007,F6_flood_after_legit_prefix,flood,29,124,67,cycle
S2+cap128,ho-F7-1000,F7_startdone_rotating_permuted_ids,flood,42,126,,
S2+cap128,ho-F7-1001,F7_startdone_rotating_permuted_ids,flood,38,114,,
S2+cap128,ho-F7-1002,F7_startdone_rotating_permuted_ids,flood,54,162,128,cap
S2+cap128,ho-F7-1003,F7_startdone_rotating_permuted_ids,flood,42,126,,
S2+cap128,ho-F7-1004,F7_startdone_rotating_permuted_ids,flood,40,120,,
S2+cap128,ho-F7-1005,F7_startdone_rotating_permuted_ids,flood,38,114,,
S2+cap128,ho-F7-1006,F7_startdone_rotating_permuted_ids,flood,42,126,,
S2+cap128,ho-F7-1007,F7_startdone_rotating_permuted_ids,flood,46,138,128,cap
S2+cap128,ho-F8-1000,F8_oscillating_edit_same_failure,flood,5,90,47,cycle
S2+cap128,ho-F8-1001,F8_oscillating_edit_same_failure,flood,5,60,47,cycle
S2+cap128,ho-F8-1002,F8_oscillating_edit_same_failure,flood,5,66,47,cycle
S2+cap128,ho-F8-1003,F8_oscillating_edit_same_failure,flood,5,76,47,cycle
S2+cap128,ho-F8-1004,F8_oscillating_edit_same_failure,flood,5,80,47,cycle
S2+cap128,ho-F8-1005,F8_oscillating_edit_same_failure,flood,5,60,47,cycle
S2+cap128,ho-F8-1006,F8_oscillating_edit_same_failure,flood,5,68,47,cycle
S2+cap128,ho-F8-1007,F8_oscillating_edit_same_failure,flood,5,88,47,cycle
S2+cap128,ho-F9-1000,F9_growing_batch_repeat,flood,12,105,104,cross_turn
S2+cap128,ho-F9-1001,F9_growing_batch_repeat,flood,10,91,90,cross_turn
S2+cap128,ho-F9-1002,F9_growing_batch_repeat,flood,12,105,104,cross_turn
S2+cap128,ho-F9-1003,F9_growing_batch_repeat,flood,11,116,97,cross_turn
S2+cap128,ho-F9-1004,F9_growing_batch_repeat,flood,8,77,,
S2+cap128,ho-F9-1005,F9_growing_batch_repeat,flood,14,119,118,cross_turn
S2+cap128,ho-F9-1006,F9_growing_batch_repeat,flood,9,117,83,cross_turn
S2+cap128,ho-F9-1007,F9_growing_batch_repeat,flood,9,117,83,cross_turn
S2+cap128,ho-L1-1000,L1_poll_long_plateau,legitimate,,23,,
S2+cap128,ho-L1-1001,L1_poll_long_plateau,legitimate,,25,,
S2+cap128,ho-L1-1002,L1_poll_long_plateau,legitimate,,32,,
S2+cap128,ho-L1-1003,L1_poll_long_plateau,legitimate,,30,,
S2+cap128,ho-L1-1004,L1_poll_long_plateau,legitimate,,15,,
S2+cap128,ho-L1-1005,L1_poll_long_plateau,legitimate,,41,,
S2+cap128,ho-L1-1006,L1_poll_long_plateau,legitimate,,25,,
S2+cap128,ho-L1-1007,L1_poll_long_plateau,legitimate,,45,,
S2+cap128,ho-L1-1008,L1_poll_long_plateau,legitimate,,32,,
S2+cap128,ho-L1-1009,L1_poll_long_plateau,legitimate,,37,,
S2+cap128,ho-L2-1000,L2_retries_backoff_refresh,legitimate,,8,,
S2+cap128,ho-L2-1001,L2_retries_backoff_refresh,legitimate,,6,,
S2+cap128,ho-L2-1002,L2_retries_backoff_refresh,legitimate,,9,,
S2+cap128,ho-L2-1003,L2_retries_backoff_refresh,legitimate,,9,,
S2+cap128,ho-L2-1004,L2_retries_backoff_refresh,legitimate,,10,,
S2+cap128,ho-L2-1005,L2_retries_backoff_refresh,legitimate,,10,,
S2+cap128,ho-L2-1006,L2_retries_backoff_refresh,legitimate,,8,,
S2+cap128,ho-L2-1007,L2_retries_backoff_refresh,legitimate,,7,,
S2+cap128,ho-L2-1008,L2_retries_backoff_refresh,legitimate,,10,,
S2+cap128,ho-L2-1009,L2_retries_backoff_refresh,legitimate,,7,,
S2+cap128,ho-L3-1000,L3_paginated_cursor_quirks,legitimate,,42,,
S2+cap128,ho-L3-1001,L3_paginated_cursor_quirks,legitimate,,32,,
S2+cap128,ho-L3-1002,L3_paginated_cursor_quirks,legitimate,,28,,
S2+cap128,ho-L3-1003,L3_paginated_cursor_quirks,legitimate,,39,,
S2+cap128,ho-L3-1004,L3_paginated_cursor_quirks,legitimate,,39,,
S2+cap128,ho-L3-1005,L3_paginated_cursor_quirks,legitimate,,32,,
S2+cap128,ho-L3-1006,L3_paginated_cursor_quirks,legitimate,,31,,
S2+cap128,ho-L3-1007,L3_paginated_cursor_quirks,legitimate,,32,,
S2+cap128,ho-L3-1008,L3_paginated_cursor_quirks,legitimate,,33,,
S2+cap128,ho-L3-1009,L3_paginated_cursor_quirks,legitimate,,41,,
S2+cap128,ho-L4-1000,L4_batch_fanout_repeated_subcalls,legitimate,,30,,
S2+cap128,ho-L4-1001,L4_batch_fanout_repeated_subcalls,legitimate,,30,,
S2+cap128,ho-L4-1002,L4_batch_fanout_repeated_subcalls,legitimate,,42,,
S2+cap128,ho-L4-1003,L4_batch_fanout_repeated_subcalls,legitimate,,30,,
S2+cap128,ho-L4-1004,L4_batch_fanout_repeated_subcalls,legitimate,,30,,
S2+cap128,ho-L4-1005,L4_batch_fanout_repeated_subcalls,legitimate,,36,,
S2+cap128,ho-L4-1006,L4_batch_fanout_repeated_subcalls,legitimate,,42,,
S2+cap128,ho-L4-1007,L4_batch_fanout_repeated_subcalls,legitimate,,42,,
S2+cap128,ho-L4-1008,L4_batch_fanout_repeated_subcalls,legitimate,,48,,
S2+cap128,ho-L4-1009,L4_batch_fanout_repeated_subcalls,legitimate,,42,,
S2+cap128,ho-L5-1000,L5_idempotent_reread_after_write,legitimate,,21,,
S2+cap128,ho-L5-1001,L5_idempotent_reread_after_write,legitimate,,30,,
S2+cap128,ho-L5-1002,L5_idempotent_reread_after_write,legitimate,,33,,
S2+cap128,ho-L5-1003,L5_idempotent_reread_after_write,legitimate,,21,,
S2+cap128,ho-L5-1004,L5_idempotent_reread_after_write,legitimate,,27,,
S2+cap128,ho-L5-1005,L5_idempotent_reread_after_write,legitimate,,24,,
S2+cap128,ho-L5-1006,L5_idempotent_reread_after_write,legitimate,,24,,
S2+cap128,ho-L5-1007,L5_idempotent_reread_after_write,legitimate,,30,,
S2+cap128,ho-L5-1008,L5_idempotent_reread_after_write,legitimate,,39,,
S2+cap128,ho-L5-1009,L5_idempotent_reread_after_write,legitimate,,18,,
S2+cap128,ho-L6-1000,L6_test_fix_rerun,legitimate,,27,,
S2+cap128,ho-L6-1001,L6_test_fix_rerun,legitimate,,36,,
S2+cap128,ho-L6-1002,L6_test_fix_rerun,legitimate,,42,,
S2+cap128,ho-L6-1003,L6_test_fix_rerun,legitimate,,33,,
S2+cap128,ho-L6-1004,L6_test_fix_rerun,legitimate,,45,,
S2+cap128,ho-L6-1005,L6_test_fix_rerun,legitimate,,42,,
S2+cap128,ho-L6-1006,L6_test_fix_rerun,legitimate,,30,,
S2+cap128,ho-L6-1007,L6_test_fix_rerun,legitimate,,33,,
S2+cap128,ho-L6-1008,L6_test_fix_rerun,legitimate,,39,,
S2+cap128,ho-L6-1009,L6_test_fix_rerun,legitimate,,33,,
S2+cap128,ho-L7-1000,L7_noisy_results_unchanged_state,legitimate,,23,,
S2+cap128,ho-L7-1001,L7_noisy_results_unchanged_state,legitimate,,9,,
S2+cap128,ho-L7-1002,L7_noisy_results_unchanged_state,legitimate,,19,,
S2+cap128,ho-L7-1003,L7_noisy_results_unchanged_state,legitimate,,18,,
S2+cap128,ho-L7-1004,L7_noisy_results_unchanged_state,legitimate,,14,,
S2+cap128,ho-L7-1005,L7_noisy_results_unchanged_state,legitimate,,13,,
S2+cap128,ho-L7-1006,L7_noisy_results_unchanged_state,legitimate,,25,,
S2+cap128,ho-L7-1007,L7_noisy_results_unchanged_state,legitimate,,19,,
S2+cap128,ho-L7-1008,L7_noisy_results_unchanged_state,legitimate,,11,,
S2+cap128,ho-L7-1009,L7_noisy_results_unchanged_state,legitimate,,15,,
S2+cap128,ho-L8-1000,L8_large_fanout_distinct,legitimate,,97,,
S2+cap128,ho-L8-1001,L8_large_fanout_distinct,legitimate,,61,,
S2+cap128,ho-L8-1002,L8_large_fanout_distinct,legitimate,,99,,
S2+cap128,ho-L8-1003,L8_large_fanout_distinct,legitimate,,35,,
S2+cap128,ho-L8-1004,L8_large_fanout_distinct,legitimate,,38,,
S2+cap128,ho-L8-1005,L8_large_fanout_distinct,legitimate,,52,,
S2+cap128,ho-L8-1006,L8_large_fanout_distinct,legitimate,,58,,
S2+cap128,ho-L8-1007,L8_large_fanout_distinct,legitimate,,73,,
S2+cap128,ho-L8-1008,L8_large_fanout_distinct,legitimate,,61,,
S2+cap128,ho-L8-1009,L8_large_fanout_distinct,legitimate,,27,,
S2+cap128,ho-L9-1000,L9_tree_crawl,legitimate,,37,,
S2+cap128,ho-L9-1001,L9_tree_crawl,legitimate,,28,,
S2+cap128,ho-L9-1002,L9_tree_crawl,legitimate,,35,,
S2+cap128,ho-L9-1003,L9_tree_crawl,legitimate,,44,,
S2+cap128,ho-L9-1004,L9_tree_crawl,legitimate,,44,,
S2+cap128,ho-L9-1005,L9_tree_crawl,legitimate,,58,,
S2+cap128,ho-L9-1006,L9_tree_crawl,legitimate,,30,,
S2+cap128,ho-L9-1007,L9_tree_crawl,legitimate,,30,,
S2+cap128,ho-L9-1008,L9_tree_crawl,legitimate,,54,,
S2+cap128,ho-L9-1009,L9_tree_crawl,legitimate,,44,,
S2+cap128,ho-L10-1000,L10_alternating_two_tool_distinct,legitimate,,54,,
S2+cap128,ho-L10-1001,L10_alternating_two_tool_distinct,legitimate,,74,,
S2+cap128,ho-L10-1002,L10_alternating_two_tool_distinct,legitimate,,40,,
S2+cap128,ho-L10-1003,L10_alternating_two_tool_distinct,legitimate,,88,,
S2+cap128,ho-L10-1004,L10_alternating_two_tool_distinct,legitimate,,84,,
S2+cap128,ho-L10-1005,L10_alternating_two_tool_distinct,legitimate,,42,,
S2+cap128,ho-L10-1006,L10_alternating_two_tool_distinct,legitimate,,42,,
S2+cap128,ho-L10-1007,L10_alternating_two_tool_distinct,legitimate,,46,,
S2+cap128,ho-L10-1008,L10_alternating_two_tool_distinct,legitimate,,66,,
S2+cap128,ho-L10-1009,L10_alternating_two_tool_distinct,legitimate,,74,,
S2+cap128,ho-L11-1000,L11_batch_polling_multi_job,legitimate,,60,41,cross_turn
S2+cap128,ho-L11-1001,L11_batch_polling_multi_job,legitimate,,36,27,cross_turn
S2+cap128,ho-L11-1002,L11_batch_polling_multi_job,legitimate,,40,27,cross_turn
S2+cap128,ho-L11-1003,L11_batch_polling_multi_job,legitimate,,48,47,cycle
S2+cap128,ho-L11-1004,L11_batch_polling_multi_job,legitimate,,40,31,cross_turn
S2+cap128,ho-L11-1005,L11_batch_polling_multi_job,legitimate,,54,41,cross_turn
S2+cap128,ho-L11-1006,L11_batch_polling_multi_job,legitimate,,40,27,cross_turn
S2+cap128,ho-L11-1007,L11_batch_polling_multi_job,legitimate,,60,41,cross_turn
S2+cap128,ho-L11-1008,L11_batch_polling_multi_job,legitimate,,48,47,cycle
S2+cap128,ho-L11-1009,L11_batch_polling_multi_job,legitimate,,60,41,cross_turn
S2+cap128,ho-hw-F-lcm3tool,hw_flood_3tool_cycle,flood,3,42,,
S2+cap128,ho-hw-F-oscillate,hw_flood_oscillating_edit,flood,5,60,47,cycle
S2+cap128,ho-hw-F-querycreep,hw_flood_query_creep,flood,1,40,,
S2+cap128,ho-hw-F-poll-reread,hw_flood_poll_then_reread,flood,2,40,,
S2+cap128,ho-hw-F-sameerror,hw_flood_same_error_retry,flood,1,25,,
S2+cap128,ho-hw-F-startdone3,hw_flood_startdone_3ids,flood,6,60,47,cycle
S2+cap128,ho-hw-L-poll60,hw_legit_poll_plateau60,legitimate,,61,47,near_dup
S2+cap128,ho-hw-L-backoff-capped,hw_legit_backoff_capped_plateau,legitimate,,10,,
S2+cap128,ho-hw-L-tokenrefresh,hw_legit_token_refresh_retry,legitimate,,4,,
S2+cap128,ho-hw-L-dup-page,hw_legit_pagination_duplicate_page,legitimate,,6,,
S2+cap128,ho-hw-L-resample45,hw_legit_repeated_subcalls_fanout,legitimate,,45,,
S2+cap128,ho-hw-L-write-read,hw_legit_write_read_verify,legitimate,,4,,
S2+cap128,ho-hw-L-testrerun,hw_legit_test_rerun_stagnation,legitimate,,12,,
S2+cap128,ho-hw-L-noisypoll,hw_legit_noisy_poll,legitimate,,16,,
S2+cap128,ho-hw-L-fanout70,hw_legit_fanout70_distinct,legitimate,,70,,
S2+cap128,ho-hw-L-oneretry,hw_legit_single_retry,legitimate,,2,,
S2+cap128,ho-hw-L-search-doc,hw_legit_alternating_search_doc,legitimate,,24,,
S2+cap128,ho-hw-L-monitor4,hw_legit_monitor_4_services,legitimate,,28,,
diag:near_dup,ho-F1-1000,F1_slow_drift_offset,flood,1,51,,
diag:near_dup,ho-F1-1001,F1_slow_drift_offset,flood,1,79,,
diag:near_dup,ho-F1-1002,F1_slow_drift_offset,flood,1,50,,
diag:near_dup,ho-F1-1003,F1_slow_drift_offset,flood,1,61,,
diag:near_dup,ho-F1-1004,F1_slow_drift_offset,flood,1,75,,
diag:near_dup,ho-F1-1005,F1_slow_drift_offset,flood,1,59,,
diag:near_dup,ho-F1-1006,F1_slow_drift_offset,flood,1,79,,
diag:near_dup,ho-F1-1007,F1_slow_drift_offset,flood,1,71,,
diag:near_dup,ho-F2-1000,F2_slow_drift_timestamp,flood,1,70,,
diag:near_dup,ho-F2-1001,F2_slow_drift_timestamp,flood,1,53,,
diag:near_dup,ho-F2-1002,F2_slow_drift_timestamp,flood,1,66,,
diag:near_dup,ho-F2-1003,F2_slow_drift_timestamp,flood,1,56,,
diag:near_dup,ho-F2-1004,F2_slow_drift_timestamp,flood,1,57,,
diag:near_dup,ho-F2-1005,F2_slow_drift_timestamp,flood,1,53,,
diag:near_dup,ho-F2-1006,F2_slow_drift_timestamp,flood,1,53,,
diag:near_dup,ho-F2-1007,F2_slow_drift_timestamp,flood,1,68,,
diag:near_dup,ho-F3-1000,F3_mixed_tool_lcm_cycle,flood,12,144,,
diag:near_dup,ho-F3-1001,F3_mixed_tool_lcm_cycle,flood,12,144,,
diag:near_dup,ho-F3-1002,F3_mixed_tool_lcm_cycle,flood,10,144,58,near_dup
diag:near_dup,ho-F3-1003,F3_mixed_tool_lcm_cycle,flood,12,144,,
diag:near_dup,ho-F3-1004,F3_mixed_tool_lcm_cycle,flood,8,72,56,near_dup
diag:near_dup,ho-F3-1005,F3_mixed_tool_lcm_cycle,flood,8,72,56,near_dup
diag:near_dup,ho-F3-1006,F3_mixed_tool_lcm_cycle,flood,10,144,58,near_dup
diag:near_dup,ho-F3-1007,F3_mixed_tool_lcm_cycle,flood,10,144,58,near_dup
diag:near_dup,ho-F4-1000,F4_noisy_result_repeat,flood,1,47,7,near_dup
diag:near_dup,ho-F4-1001,F4_noisy_result_repeat,flood,1,49,7,near_dup
diag:near_dup,ho-F4-1002,F4_noisy_result_repeat,flood,1,37,7,near_dup
diag:near_dup,ho-F4-1003,F4_noisy_result_repeat,flood,1,41,7,near_dup
diag:near_dup,ho-F4-1004,F4_noisy_result_repeat,flood,1,39,7,near_dup
diag:near_dup,ho-F4-1005,F4_noisy_result_repeat,flood,1,38,7,near_dup
diag:near_dup,ho-F4-1006,F4_noisy_result_repeat,flood,1,48,7,near_dup
diag:near_dup,ho-F4-1007,F4_noisy_result_repeat,flood,1,35,7,near_dup
diag:near_dup,ho-F5-1000,F5_low_rate_with_heartbeat,flood,4,104,28,near_dup
diag:near_dup,ho-F5-1001,F5_low_rate_with_heartbeat,flood,4,108,28,near_dup
diag:near_dup,ho-F5-1002,F5_low_rate_with_heartbeat,flood,4,104,28,near_dup
diag:near_dup,ho-F5-1003,F5_low_rate_with_heartbeat,flood,4,108,28,near_dup
diag:near_dup,ho-F5-1004,F5_low_rate_with_heartbeat,flood,4,92,28,near_dup
diag:near_dup,ho-F5-1005,F5_low_rate_with_heartbeat,flood,4,104,28,near_dup
diag:near_dup,ho-F5-1006,F5_low_rate_with_heartbeat,flood,4,104,28,near_dup
diag:near_dup,ho-F5-1007,F5_low_rate_with_heartbeat,flood,4,88,28,near_dup
diag:near_dup,ho-F6-1000,F6_flood_after_legit_prefix,flood,27,117,69,near_dup
diag:near_dup,ho-F6-1001,F6_flood_after_legit_prefix,flood,29,115,71,near_dup
diag:near_dup,ho-F6-1002,F6_flood_after_legit_prefix,flood,32,118,86,near_dup
diag:near_dup,ho-F6-1003,F6_flood_after_legit_prefix,flood,29,119,65,near_dup
diag:near_dup,ho-F6-1004,F6_flood_after_legit_prefix,flood,28,126,76,near_dup
diag:near_dup,ho-F6-1005,F6_flood_after_legit_prefix,flood,28,130,70,near_dup
diag:near_dup,ho-F6-1006,F6_flood_after_legit_prefix,flood,28,116,82,near_dup
diag:near_dup,ho-F6-1007,F6_flood_after_legit_prefix,flood,29,124,83,near_dup
diag:near_dup,ho-F7-1000,F7_startdone_rotating_permuted_ids,flood,42,126,,
diag:near_dup,ho-F7-1001,F7_startdone_rotating_permuted_ids,flood,38,114,,
diag:near_dup,ho-F7-1002,F7_startdone_rotating_permuted_ids,flood,54,162,,
diag:near_dup,ho-F7-1003,F7_startdone_rotating_permuted_ids,flood,42,126,,
diag:near_dup,ho-F7-1004,F7_startdone_rotating_permuted_ids,flood,40,120,,
diag:near_dup,ho-F7-1005,F7_startdone_rotating_permuted_ids,flood,38,114,,
diag:near_dup,ho-F7-1006,F7_startdone_rotating_permuted_ids,flood,42,126,,
diag:near_dup,ho-F7-1007,F7_startdone_rotating_permuted_ids,flood,46,138,,
diag:near_dup,ho-F8-1000,F8_oscillating_edit_same_failure,flood,5,90,15,near_dup
diag:near_dup,ho-F8-1001,F8_oscillating_edit_same_failure,flood,5,60,15,near_dup
diag:near_dup,ho-F8-1002,F8_oscillating_edit_same_failure,flood,5,66,15,near_dup
diag:near_dup,ho-F8-1003,F8_oscillating_edit_same_failure,flood,5,76,15,near_dup
diag:near_dup,ho-F8-1004,F8_oscillating_edit_same_failure,flood,5,80,15,near_dup
diag:near_dup,ho-F8-1005,F8_oscillating_edit_same_failure,flood,5,60,15,near_dup
diag:near_dup,ho-F8-1006,F8_oscillating_edit_same_failure,flood,5,68,15,near_dup
diag:near_dup,ho-F8-1007,F8_oscillating_edit_same_failure,flood,5,88,15,near_dup
diag:near_dup,ho-F9-1000,F9_growing_batch_repeat,flood,12,105,,
diag:near_dup,ho-F9-1001,F9_growing_batch_repeat,flood,10,91,,
diag:near_dup,ho-F9-1002,F9_growing_batch_repeat,flood,12,105,,
diag:near_dup,ho-F9-1003,F9_growing_batch_repeat,flood,11,116,,
diag:near_dup,ho-F9-1004,F9_growing_batch_repeat,flood,8,77,,
diag:near_dup,ho-F9-1005,F9_growing_batch_repeat,flood,14,119,,
diag:near_dup,ho-F9-1006,F9_growing_batch_repeat,flood,9,117,,
diag:near_dup,ho-F9-1007,F9_growing_batch_repeat,flood,9,117,,
diag:near_dup,ho-L1-1000,L1_poll_long_plateau,legitimate,,23,7,near_dup
diag:near_dup,ho-L1-1001,L1_poll_long_plateau,legitimate,,25,7,near_dup
diag:near_dup,ho-L1-1002,L1_poll_long_plateau,legitimate,,32,7,near_dup
diag:near_dup,ho-L1-1003,L1_poll_long_plateau,legitimate,,30,7,near_dup
diag:near_dup,ho-L1-1004,L1_poll_long_plateau,legitimate,,15,7,near_dup
diag:near_dup,ho-L1-1005,L1_poll_long_plateau,legitimate,,41,7,near_dup
diag:near_dup,ho-L1-1006,L1_poll_long_plateau,legitimate,,25,7,near_dup
diag:near_dup,ho-L1-1007,L1_poll_long_plateau,legitimate,,45,7,near_dup
diag:near_dup,ho-L1-1008,L1_poll_long_plateau,legitimate,,32,7,near_dup
diag:near_dup,ho-L1-1009,L1_poll_long_plateau,legitimate,,37,7,near_dup
diag:near_dup,ho-L2-1000,L2_retries_backoff_refresh,legitimate,,8,,
diag:near_dup,ho-L2-1001,L2_retries_backoff_refresh,legitimate,,6,,
diag:near_dup,ho-L2-1002,L2_retries_backoff_refresh,legitimate,,9,,
diag:near_dup,ho-L2-1003,L2_retries_backoff_refresh,legitimate,,9,,
diag:near_dup,ho-L2-1004,L2_retries_backoff_refresh,legitimate,,10,,
diag:near_dup,ho-L2-1005,L2_retries_backoff_refresh,legitimate,,10,,
diag:near_dup,ho-L2-1006,L2_retries_backoff_refresh,legitimate,,8,,
diag:near_dup,ho-L2-1007,L2_retries_backoff_refresh,legitimate,,7,,
diag:near_dup,ho-L2-1008,L2_retries_backoff_refresh,legitimate,,10,,
diag:near_dup,ho-L2-1009,L2_retries_backoff_refresh,legitimate,,7,,
diag:near_dup,ho-L3-1000,L3_paginated_cursor_quirks,legitimate,,42,,
diag:near_dup,ho-L3-1001,L3_paginated_cursor_quirks,legitimate,,32,,
diag:near_dup,ho-L3-1002,L3_paginated_cursor_quirks,legitimate,,28,,
diag:near_dup,ho-L3-1003,L3_paginated_cursor_quirks,legitimate,,39,,
diag:near_dup,ho-L3-1004,L3_paginated_cursor_quirks,legitimate,,39,,
diag:near_dup,ho-L3-1005,L3_paginated_cursor_quirks,legitimate,,32,,
diag:near_dup,ho-L3-1006,L3_paginated_cursor_quirks,legitimate,,31,,
diag:near_dup,ho-L3-1007,L3_paginated_cursor_quirks,legitimate,,32,,
diag:near_dup,ho-L3-1008,L3_paginated_cursor_quirks,legitimate,,33,,
diag:near_dup,ho-L3-1009,L3_paginated_cursor_quirks,legitimate,,41,,
diag:near_dup,ho-L4-1000,L4_batch_fanout_repeated_subcalls,legitimate,,30,,
diag:near_dup,ho-L4-1001,L4_batch_fanout_repeated_subcalls,legitimate,,30,,
diag:near_dup,ho-L4-1002,L4_batch_fanout_repeated_subcalls,legitimate,,42,,
diag:near_dup,ho-L4-1003,L4_batch_fanout_repeated_subcalls,legitimate,,30,,
diag:near_dup,ho-L4-1004,L4_batch_fanout_repeated_subcalls,legitimate,,30,,
diag:near_dup,ho-L4-1005,L4_batch_fanout_repeated_subcalls,legitimate,,36,,
diag:near_dup,ho-L4-1006,L4_batch_fanout_repeated_subcalls,legitimate,,42,,
diag:near_dup,ho-L4-1007,L4_batch_fanout_repeated_subcalls,legitimate,,42,,
diag:near_dup,ho-L4-1008,L4_batch_fanout_repeated_subcalls,legitimate,,48,42,near_dup
diag:near_dup,ho-L4-1009,L4_batch_fanout_repeated_subcalls,legitimate,,42,,
diag:near_dup,ho-L5-1000,L5_idempotent_reread_after_write,legitimate,,21,,
diag:near_dup,ho-L5-1001,L5_idempotent_reread_after_write,legitimate,,30,29,near_dup
diag:near_dup,ho-L5-1002,L5_idempotent_reread_after_write,legitimate,,33,29,near_dup
diag:near_dup,ho-L5-1003,L5_idempotent_reread_after_write,legitimate,,21,20,near_dup
diag:near_dup,ho-L5-1004,L5_idempotent_reread_after_write,legitimate,,27,,
diag:near_dup,ho-L5-1005,L5_idempotent_reread_after_write,legitimate,,24,,
diag:near_dup,ho-L5-1006,L5_idempotent_reread_after_write,legitimate,,24,20,near_dup
diag:near_dup,ho-L5-1007,L5_idempotent_reread_after_write,legitimate,,30,29,near_dup
diag:near_dup,ho-L5-1008,L5_idempotent_reread_after_write,legitimate,,39,20,near_dup
diag:near_dup,ho-L5-1009,L5_idempotent_reread_after_write,legitimate,,18,,
diag:near_dup,ho-L6-1000,L6_test_fix_rerun,legitimate,,27,21,near_dup
diag:near_dup,ho-L6-1001,L6_test_fix_rerun,legitimate,,36,21,near_dup
diag:near_dup,ho-L6-1002,L6_test_fix_rerun,legitimate,,42,21,near_dup
diag:near_dup,ho-L6-1003,L6_test_fix_rerun,legitimate,,33,21,near_dup
diag:near_dup,ho-L6-1004,L6_test_fix_rerun,legitimate,,45,21,near_dup
diag:near_dup,ho-L6-1005,L6_test_fix_rerun,legitimate,,42,21,near_dup
diag:near_dup,ho-L6-1006,L6_test_fix_rerun,legitimate,,30,21,near_dup
diag:near_dup,ho-L6-1007,L6_test_fix_rerun,legitimate,,33,21,near_dup
diag:near_dup,ho-L6-1008,L6_test_fix_rerun,legitimate,,39,21,near_dup
diag:near_dup,ho-L6-1009,L6_test_fix_rerun,legitimate,,33,21,near_dup
diag:near_dup,ho-L7-1000,L7_noisy_results_unchanged_state,legitimate,,23,7,near_dup
diag:near_dup,ho-L7-1001,L7_noisy_results_unchanged_state,legitimate,,9,7,near_dup
diag:near_dup,ho-L7-1002,L7_noisy_results_unchanged_state,legitimate,,19,7,near_dup
diag:near_dup,ho-L7-1003,L7_noisy_results_unchanged_state,legitimate,,18,7,near_dup
diag:near_dup,ho-L7-1004,L7_noisy_results_unchanged_state,legitimate,,14,7,near_dup
diag:near_dup,ho-L7-1005,L7_noisy_results_unchanged_state,legitimate,,13,7,near_dup
diag:near_dup,ho-L7-1006,L7_noisy_results_unchanged_state,legitimate,,25,7,near_dup
diag:near_dup,ho-L7-1007,L7_noisy_results_unchanged_state,legitimate,,19,7,near_dup
diag:near_dup,ho-L7-1008,L7_noisy_results_unchanged_state,legitimate,,11,7,near_dup
diag:near_dup,ho-L7-1009,L7_noisy_results_unchanged_state,legitimate,,15,7,near_dup
diag:near_dup,ho-L8-1000,L8_large_fanout_distinct,legitimate,,97,,
diag:near_dup,ho-L8-1001,L8_large_fanout_distinct,legitimate,,61,,
diag:near_dup,ho-L8-1002,L8_large_fanout_distinct,legitimate,,99,,
diag:near_dup,ho-L8-1003,L8_large_fanout_distinct,legitimate,,35,,
diag:near_dup,ho-L8-1004,L8_large_fanout_distinct,legitimate,,38,,
diag:near_dup,ho-L8-1005,L8_large_fanout_distinct,legitimate,,52,,
diag:near_dup,ho-L8-1006,L8_large_fanout_distinct,legitimate,,58,,
diag:near_dup,ho-L8-1007,L8_large_fanout_distinct,legitimate,,73,,
diag:near_dup,ho-L8-1008,L8_large_fanout_distinct,legitimate,,61,,
diag:near_dup,ho-L8-1009,L8_large_fanout_distinct,legitimate,,27,,
diag:near_dup,ho-L9-1000,L9_tree_crawl,legitimate,,37,,
diag:near_dup,ho-L9-1001,L9_tree_crawl,legitimate,,28,,
diag:near_dup,ho-L9-1002,L9_tree_crawl,legitimate,,35,,
diag:near_dup,ho-L9-1003,L9_tree_crawl,legitimate,,44,,
diag:near_dup,ho-L9-1004,L9_tree_crawl,legitimate,,44,,
diag:near_dup,ho-L9-1005,L9_tree_crawl,legitimate,,58,,
diag:near_dup,ho-L9-1006,L9_tree_crawl,legitimate,,30,,
diag:near_dup,ho-L9-1007,L9_tree_crawl,legitimate,,30,,
diag:near_dup,ho-L9-1008,L9_tree_crawl,legitimate,,54,,
diag:near_dup,ho-L9-1009,L9_tree_crawl,legitimate,,44,,
diag:near_dup,ho-L10-1000,L10_alternating_two_tool_distinct,legitimate,,54,,
diag:near_dup,ho-L10-1001,L10_alternating_two_tool_distinct,legitimate,,74,,
diag:near_dup,ho-L10-1002,L10_alternating_two_tool_distinct,legitimate,,40,,
diag:near_dup,ho-L10-1003,L10_alternating_two_tool_distinct,legitimate,,88,,
diag:near_dup,ho-L10-1004,L10_alternating_two_tool_distinct,legitimate,,84,,
diag:near_dup,ho-L10-1005,L10_alternating_two_tool_distinct,legitimate,,42,,
diag:near_dup,ho-L10-1006,L10_alternating_two_tool_distinct,legitimate,,42,,
diag:near_dup,ho-L10-1007,L10_alternating_two_tool_distinct,legitimate,,46,,
diag:near_dup,ho-L10-1008,L10_alternating_two_tool_distinct,legitimate,,66,,
diag:near_dup,ho-L10-1009,L10_alternating_two_tool_distinct,legitimate,,74,,
diag:near_dup,ho-L11-1000,L11_batch_polling_multi_job,legitimate,,60,42,near_dup
diag:near_dup,ho-L11-1001,L11_batch_polling_multi_job,legitimate,,36,28,near_dup
diag:near_dup,ho-L11-1002,L11_batch_polling_multi_job,legitimate,,40,28,near_dup
diag:near_dup,ho-L11-1003,L11_batch_polling_multi_job,legitimate,,48,42,near_dup
diag:near_dup,ho-L11-1004,L11_batch_polling_multi_job,legitimate,,40,28,near_dup
diag:near_dup,ho-L11-1005,L11_batch_polling_multi_job,legitimate,,54,42,near_dup
diag:near_dup,ho-L11-1006,L11_batch_polling_multi_job,legitimate,,40,28,near_dup
diag:near_dup,ho-L11-1007,L11_batch_polling_multi_job,legitimate,,60,42,near_dup
diag:near_dup,ho-L11-1008,L11_batch_polling_multi_job,legitimate,,48,42,near_dup
diag:near_dup,ho-L11-1009,L11_batch_polling_multi_job,legitimate,,60,42,near_dup
diag:near_dup,ho-hw-F-lcm3tool,hw_flood_3tool_cycle,flood,3,42,21,near_dup
diag:near_dup,ho-hw-F-oscillate,hw_flood_oscillating_edit,flood,5,60,15,near_dup
diag:near_dup,ho-hw-F-querycreep,hw_flood_query_creep,flood,1,40,37,near_dup
diag:near_dup,ho-hw-F-poll-reread,hw_flood_poll_then_reread,flood,2,40,14,near_dup
diag:near_dup,ho-hw-F-sameerror,hw_flood_same_error_retry,flood,1,25,7,near_dup
diag:near_dup,ho-hw-F-startdone3,hw_flood_startdone_3ids,flood,6,60,42,near_dup
diag:near_dup,ho-hw-L-poll60,hw_legit_poll_plateau60,legitimate,,61,7,near_dup
diag:near_dup,ho-hw-L-backoff-capped,hw_legit_backoff_capped_plateau,legitimate,,10,,
diag:near_dup,ho-hw-L-tokenrefresh,hw_legit_token_refresh_retry,legitimate,,4,,
diag:near_dup,ho-hw-L-dup-page,hw_legit_pagination_duplicate_page,legitimate,,6,,
diag:near_dup,ho-hw-L-resample45,hw_legit_repeated_subcalls_fanout,legitimate,,45,21,near_dup
diag:near_dup,ho-hw-L-write-read,hw_legit_write_read_verify,legitimate,,4,,
diag:near_dup,ho-hw-L-testrerun,hw_legit_test_rerun_stagnation,legitimate,,12,,
diag:near_dup,ho-hw-L-noisypoll,hw_legit_noisy_poll,legitimate,,16,7,near_dup
diag:near_dup,ho-hw-L-fanout70,hw_legit_fanout70_distinct,legitimate,,70,,
diag:near_dup,ho-hw-L-oneretry,hw_legit_single_retry,legitimate,,2,,
diag:near_dup,ho-hw-L-search-doc,hw_legit_alternating_search_doc,legitimate,,24,,
diag:near_dup,ho-hw-L-monitor4,hw_legit_monitor_4_services,legitimate,,28,,
diag:cycle,ho-F1-1000,F1_slow_drift_offset,flood,1,51,,
diag:cycle,ho-F1-1001,F1_slow_drift_offset,flood,1,79,,
diag:cycle,ho-F1-1002,F1_slow_drift_offset,flood,1,50,,
diag:cycle,ho-F1-1003,F1_slow_drift_offset,flood,1,61,,
diag:cycle,ho-F1-1004,F1_slow_drift_offset,flood,1,75,,
diag:cycle,ho-F1-1005,F1_slow_drift_offset,flood,1,59,,
diag:cycle,ho-F1-1006,F1_slow_drift_offset,flood,1,79,,
diag:cycle,ho-F1-1007,F1_slow_drift_offset,flood,1,71,,
diag:cycle,ho-F2-1000,F2_slow_drift_timestamp,flood,1,70,,
diag:cycle,ho-F2-1001,F2_slow_drift_timestamp,flood,1,53,,
diag:cycle,ho-F2-1002,F2_slow_drift_timestamp,flood,1,66,,
diag:cycle,ho-F2-1003,F2_slow_drift_timestamp,flood,1,56,,
diag:cycle,ho-F2-1004,F2_slow_drift_timestamp,flood,1,57,,
diag:cycle,ho-F2-1005,F2_slow_drift_timestamp,flood,1,53,,
diag:cycle,ho-F2-1006,F2_slow_drift_timestamp,flood,1,53,,
diag:cycle,ho-F2-1007,F2_slow_drift_timestamp,flood,1,68,,
diag:cycle,ho-F3-1000,F3_mixed_tool_lcm_cycle,flood,12,144,143,cycle
diag:cycle,ho-F3-1001,F3_mixed_tool_lcm_cycle,flood,12,144,143,cycle
diag:cycle,ho-F3-1002,F3_mixed_tool_lcm_cycle,flood,10,144,143,cycle
diag:cycle,ho-F3-1003,F3_mixed_tool_lcm_cycle,flood,12,144,143,cycle
diag:cycle,ho-F3-1004,F3_mixed_tool_lcm_cycle,flood,8,72,71,cycle
diag:cycle,ho-F3-1005,F3_mixed_tool_lcm_cycle,flood,8,72,71,cycle
diag:cycle,ho-F3-1006,F3_mixed_tool_lcm_cycle,flood,10,144,143,cycle
diag:cycle,ho-F3-1007,F3_mixed_tool_lcm_cycle,flood,10,144,143,cycle
diag:cycle,ho-F4-1000,F4_noisy_result_repeat,flood,1,47,7,cycle
diag:cycle,ho-F4-1001,F4_noisy_result_repeat,flood,1,49,7,cycle
diag:cycle,ho-F4-1002,F4_noisy_result_repeat,flood,1,37,7,cycle
diag:cycle,ho-F4-1003,F4_noisy_result_repeat,flood,1,41,7,cycle
diag:cycle,ho-F4-1004,F4_noisy_result_repeat,flood,1,39,7,cycle
diag:cycle,ho-F4-1005,F4_noisy_result_repeat,flood,1,38,7,cycle
diag:cycle,ho-F4-1006,F4_noisy_result_repeat,flood,1,48,7,cycle
diag:cycle,ho-F4-1007,F4_noisy_result_repeat,flood,1,35,7,cycle
diag:cycle,ho-F5-1000,F5_low_rate_with_heartbeat,flood,4,104,,
diag:cycle,ho-F5-1001,F5_low_rate_with_heartbeat,flood,4,108,,
diag:cycle,ho-F5-1002,F5_low_rate_with_heartbeat,flood,4,104,,
diag:cycle,ho-F5-1003,F5_low_rate_with_heartbeat,flood,4,108,,
diag:cycle,ho-F5-1004,F5_low_rate_with_heartbeat,flood,4,92,,
diag:cycle,ho-F5-1005,F5_low_rate_with_heartbeat,flood,4,104,,
diag:cycle,ho-F5-1006,F5_low_rate_with_heartbeat,flood,4,104,,
diag:cycle,ho-F5-1007,F5_low_rate_with_heartbeat,flood,4,88,,
diag:cycle,ho-F6-1000,F6_flood_after_legit_prefix,flood,27,117,40,cycle
diag:cycle,ho-F6-1001,F6_flood_after_legit_prefix,flood,29,115,42,cycle
diag:cycle,ho-F6-1002,F6_flood_after_legit_prefix,flood,32,118,49,cycle
diag:cycle,ho-F6-1003,F6_flood_after_legit_prefix,flood,29,119,40,cycle
diag:cycle,ho-F6-1004,F6_flood_after_legit_prefix,flood,28,126,43,cycle
diag:cycle,ho-F6-1005,F6_flood_after_legit_prefix,flood,28,130,41,cycle
diag:cycle,ho-F6-1006,F6_flood_after_legit_prefix,flood,28,116,45,cycle
diag:cycle,ho-F6-1007,F6_flood_after_legit_prefix,flood,29,124,46,cycle
diag:cycle,ho-F7-1000,F7_startdone_rotating_permuted_ids,flood,42,126,,
diag:cycle,ho-F7-1001,F7_startdone_rotating_permuted_ids,flood,38,114,,
diag:cycle,ho-F7-1002,F7_startdone_rotating_permuted_ids,flood,54,162,,
diag:cycle,ho-F7-1003,F7_startdone_rotating_permuted_ids,flood,42,126,,
diag:cycle,ho-F7-1004,F7_startdone_rotating_permuted_ids,flood,40,120,,
diag:cycle,ho-F7-1005,F7_startdone_rotating_permuted_ids,flood,38,114,,
diag:cycle,ho-F7-1006,F7_startdone_rotating_permuted_ids,flood,42,126,,
diag:cycle,ho-F7-1007,F7_startdone_rotating_permuted_ids,flood,46,138,,
diag:cycle,ho-F8-1000,F8_oscillating_edit_same_failure,flood,5,90,11,cycle
diag:cycle,ho-F8-1001,F8_oscillating_edit_same_failure,flood,5,60,11,cycle
diag:cycle,ho-F8-1002,F8_oscillating_edit_same_failure,flood,5,66,11,cycle
diag:cycle,ho-F8-1003,F8_oscillating_edit_same_failure,flood,5,76,11,cycle
diag:cycle,ho-F8-1004,F8_oscillating_edit_same_failure,flood,5,80,11,cycle
diag:cycle,ho-F8-1005,F8_oscillating_edit_same_failure,flood,5,60,11,cycle
diag:cycle,ho-F8-1006,F8_oscillating_edit_same_failure,flood,5,68,11,cycle
diag:cycle,ho-F8-1007,F8_oscillating_edit_same_failure,flood,5,88,11,cycle
diag:cycle,ho-F9-1000,F9_growing_batch_repeat,flood,12,105,,
diag:cycle,ho-F9-1001,F9_growing_batch_repeat,flood,10,91,,
diag:cycle,ho-F9-1002,F9_growing_batch_repeat,flood,12,105,,
diag:cycle,ho-F9-1003,F9_growing_batch_repeat,flood,11,116,,
diag:cycle,ho-F9-1004,F9_growing_batch_repeat,flood,8,77,,
diag:cycle,ho-F9-1005,F9_growing_batch_repeat,flood,14,119,,
diag:cycle,ho-F9-1006,F9_growing_batch_repeat,flood,9,117,,
diag:cycle,ho-F9-1007,F9_growing_batch_repeat,flood,9,117,,
diag:cycle,ho-L1-1000,L1_poll_long_plateau,legitimate,,23,7,cycle
diag:cycle,ho-L1-1001,L1_poll_long_plateau,legitimate,,25,7,cycle
diag:cycle,ho-L1-1002,L1_poll_long_plateau,legitimate,,32,7,cycle
diag:cycle,ho-L1-1003,L1_poll_long_plateau,legitimate,,30,7,cycle
diag:cycle,ho-L1-1004,L1_poll_long_plateau,legitimate,,15,7,cycle
diag:cycle,ho-L1-1005,L1_poll_long_plateau,legitimate,,41,7,cycle
diag:cycle,ho-L1-1006,L1_poll_long_plateau,legitimate,,25,7,cycle
diag:cycle,ho-L1-1007,L1_poll_long_plateau,legitimate,,45,7,cycle
diag:cycle,ho-L1-1008,L1_poll_long_plateau,legitimate,,32,7,cycle
diag:cycle,ho-L1-1009,L1_poll_long_plateau,legitimate,,37,7,cycle
diag:cycle,ho-L2-1000,L2_retries_backoff_refresh,legitimate,,8,,
diag:cycle,ho-L2-1001,L2_retries_backoff_refresh,legitimate,,6,,
diag:cycle,ho-L2-1002,L2_retries_backoff_refresh,legitimate,,9,,
diag:cycle,ho-L2-1003,L2_retries_backoff_refresh,legitimate,,9,,
diag:cycle,ho-L2-1004,L2_retries_backoff_refresh,legitimate,,10,,
diag:cycle,ho-L2-1005,L2_retries_backoff_refresh,legitimate,,10,,
diag:cycle,ho-L2-1006,L2_retries_backoff_refresh,legitimate,,8,,
diag:cycle,ho-L2-1007,L2_retries_backoff_refresh,legitimate,,7,,
diag:cycle,ho-L2-1008,L2_retries_backoff_refresh,legitimate,,10,,
diag:cycle,ho-L2-1009,L2_retries_backoff_refresh,legitimate,,7,,
diag:cycle,ho-L3-1000,L3_paginated_cursor_quirks,legitimate,,42,,
diag:cycle,ho-L3-1001,L3_paginated_cursor_quirks,legitimate,,32,,
diag:cycle,ho-L3-1002,L3_paginated_cursor_quirks,legitimate,,28,,
diag:cycle,ho-L3-1003,L3_paginated_cursor_quirks,legitimate,,39,,
diag:cycle,ho-L3-1004,L3_paginated_cursor_quirks,legitimate,,39,,
diag:cycle,ho-L3-1005,L3_paginated_cursor_quirks,legitimate,,32,,
diag:cycle,ho-L3-1006,L3_paginated_cursor_quirks,legitimate,,31,,
diag:cycle,ho-L3-1007,L3_paginated_cursor_quirks,legitimate,,32,,
diag:cycle,ho-L3-1008,L3_paginated_cursor_quirks,legitimate,,33,,
diag:cycle,ho-L3-1009,L3_paginated_cursor_quirks,legitimate,,41,,
diag:cycle,ho-L4-1000,L4_batch_fanout_repeated_subcalls,legitimate,,30,17,cycle
diag:cycle,ho-L4-1001,L4_batch_fanout_repeated_subcalls,legitimate,,30,17,cycle
diag:cycle,ho-L4-1002,L4_batch_fanout_repeated_subcalls,legitimate,,42,17,cycle
diag:cycle,ho-L4-1003,L4_batch_fanout_repeated_subcalls,legitimate,,30,17,cycle
diag:cycle,ho-L4-1004,L4_batch_fanout_repeated_subcalls,legitimate,,30,17,cycle
diag:cycle,ho-L4-1005,L4_batch_fanout_repeated_subcalls,legitimate,,36,17,cycle
diag:cycle,ho-L4-1006,L4_batch_fanout_repeated_subcalls,legitimate,,42,17,cycle
diag:cycle,ho-L4-1007,L4_batch_fanout_repeated_subcalls,legitimate,,42,17,cycle
diag:cycle,ho-L4-1008,L4_batch_fanout_repeated_subcalls,legitimate,,48,17,cycle
diag:cycle,ho-L4-1009,L4_batch_fanout_repeated_subcalls,legitimate,,42,17,cycle
diag:cycle,ho-L5-1000,L5_idempotent_reread_after_write,legitimate,,21,,
diag:cycle,ho-L5-1001,L5_idempotent_reread_after_write,legitimate,,30,,
diag:cycle,ho-L5-1002,L5_idempotent_reread_after_write,legitimate,,33,,
diag:cycle,ho-L5-1003,L5_idempotent_reread_after_write,legitimate,,21,,
diag:cycle,ho-L5-1004,L5_idempotent_reread_after_write,legitimate,,27,,
diag:cycle,ho-L5-1005,L5_idempotent_reread_after_write,legitimate,,24,,
diag:cycle,ho-L5-1006,L5_idempotent_reread_after_write,legitimate,,24,,
diag:cycle,ho-L5-1007,L5_idempotent_reread_after_write,legitimate,,30,,
diag:cycle,ho-L5-1008,L5_idempotent_reread_after_write,legitimate,,39,,
diag:cycle,ho-L5-1009,L5_idempotent_reread_after_write,legitimate,,18,,
diag:cycle,ho-L6-1000,L6_test_fix_rerun,legitimate,,27,,
diag:cycle,ho-L6-1001,L6_test_fix_rerun,legitimate,,36,,
diag:cycle,ho-L6-1002,L6_test_fix_rerun,legitimate,,42,,
diag:cycle,ho-L6-1003,L6_test_fix_rerun,legitimate,,33,,
diag:cycle,ho-L6-1004,L6_test_fix_rerun,legitimate,,45,,
diag:cycle,ho-L6-1005,L6_test_fix_rerun,legitimate,,42,,
diag:cycle,ho-L6-1006,L6_test_fix_rerun,legitimate,,30,,
diag:cycle,ho-L6-1007,L6_test_fix_rerun,legitimate,,33,,
diag:cycle,ho-L6-1008,L6_test_fix_rerun,legitimate,,39,,
diag:cycle,ho-L6-1009,L6_test_fix_rerun,legitimate,,33,,
diag:cycle,ho-L7-1000,L7_noisy_results_unchanged_state,legitimate,,23,7,cycle
diag:cycle,ho-L7-1001,L7_noisy_results_unchanged_state,legitimate,,9,7,cycle
diag:cycle,ho-L7-1002,L7_noisy_results_unchanged_state,legitimate,,19,7,cycle
diag:cycle,ho-L7-1003,L7_noisy_results_unchanged_state,legitimate,,18,7,cycle
diag:cycle,ho-L7-1004,L7_noisy_results_unchanged_state,legitimate,,14,7,cycle
diag:cycle,ho-L7-1005,L7_noisy_results_unchanged_state,legitimate,,13,7,cycle
diag:cycle,ho-L7-1006,L7_noisy_results_unchanged_state,legitimate,,25,7,cycle
diag:cycle,ho-L7-1007,L7_noisy_results_unchanged_state,legitimate,,19,7,cycle
diag:cycle,ho-L7-1008,L7_noisy_results_unchanged_state,legitimate,,11,7,cycle
diag:cycle,ho-L7-1009,L7_noisy_results_unchanged_state,legitimate,,15,7,cycle
diag:cycle,ho-L8-1000,L8_large_fanout_distinct,legitimate,,97,,
diag:cycle,ho-L8-1001,L8_large_fanout_distinct,legitimate,,61,,
diag:cycle,ho-L8-1002,L8_large_fanout_distinct,legitimate,,99,,
diag:cycle,ho-L8-1003,L8_large_fanout_distinct,legitimate,,35,,
diag:cycle,ho-L8-1004,L8_large_fanout_distinct,legitimate,,38,,
diag:cycle,ho-L8-1005,L8_large_fanout_distinct,legitimate,,52,,
diag:cycle,ho-L8-1006,L8_large_fanout_distinct,legitimate,,58,,
diag:cycle,ho-L8-1007,L8_large_fanout_distinct,legitimate,,73,,
diag:cycle,ho-L8-1008,L8_large_fanout_distinct,legitimate,,61,,
diag:cycle,ho-L8-1009,L8_large_fanout_distinct,legitimate,,27,,
diag:cycle,ho-L9-1000,L9_tree_crawl,legitimate,,37,,
diag:cycle,ho-L9-1001,L9_tree_crawl,legitimate,,28,,
diag:cycle,ho-L9-1002,L9_tree_crawl,legitimate,,35,,
diag:cycle,ho-L9-1003,L9_tree_crawl,legitimate,,44,,
diag:cycle,ho-L9-1004,L9_tree_crawl,legitimate,,44,,
diag:cycle,ho-L9-1005,L9_tree_crawl,legitimate,,58,,
diag:cycle,ho-L9-1006,L9_tree_crawl,legitimate,,30,,
diag:cycle,ho-L9-1007,L9_tree_crawl,legitimate,,30,,
diag:cycle,ho-L9-1008,L9_tree_crawl,legitimate,,54,,
diag:cycle,ho-L9-1009,L9_tree_crawl,legitimate,,44,,
diag:cycle,ho-L10-1000,L10_alternating_two_tool_distinct,legitimate,,54,,
diag:cycle,ho-L10-1001,L10_alternating_two_tool_distinct,legitimate,,74,,
diag:cycle,ho-L10-1002,L10_alternating_two_tool_distinct,legitimate,,40,,
diag:cycle,ho-L10-1003,L10_alternating_two_tool_distinct,legitimate,,88,,
diag:cycle,ho-L10-1004,L10_alternating_two_tool_distinct,legitimate,,84,,
diag:cycle,ho-L10-1005,L10_alternating_two_tool_distinct,legitimate,,42,,
diag:cycle,ho-L10-1006,L10_alternating_two_tool_distinct,legitimate,,42,,
diag:cycle,ho-L10-1007,L10_alternating_two_tool_distinct,legitimate,,46,,
diag:cycle,ho-L10-1008,L10_alternating_two_tool_distinct,legitimate,,66,,
diag:cycle,ho-L10-1009,L10_alternating_two_tool_distinct,legitimate,,74,,
diag:cycle,ho-L11-1000,L11_batch_polling_multi_job,legitimate,,60,17,cycle
diag:cycle,ho-L11-1001,L11_batch_polling_multi_job,legitimate,,36,11,cycle
diag:cycle,ho-L11-1002,L11_batch_polling_multi_job,legitimate,,40,11,cycle
diag:cycle,ho-L11-1003,L11_batch_polling_multi_job,legitimate,,48,17,cycle
diag:cycle,ho-L11-1004,L11_batch_polling_multi_job,legitimate,,40,11,cycle
diag:cycle,ho-L11-1005,L11_batch_polling_multi_job,legitimate,,54,17,cycle
diag:cycle,ho-L11-1006,L11_batch_polling_multi_job,legitimate,,40,11,cycle
diag:cycle,ho-L11-1007,L11_batch_polling_multi_job,legitimate,,60,17,cycle
diag:cycle,ho-L11-1008,L11_batch_polling_multi_job,legitimate,,48,17,cycle
diag:cycle,ho-L11-1009,L11_batch_polling_multi_job,legitimate,,60,17,cycle
diag:cycle,ho-hw-F-lcm3tool,hw_flood_3tool_cycle,flood,3,42,8,cycle
diag:cycle,ho-hw-F-oscillate,hw_flood_oscillating_edit,flood,5,60,11,cycle
diag:cycle,ho-hw-F-querycreep,hw_flood_query_creep,flood,1,40,,
diag:cycle,ho-hw-F-poll-reread,hw_flood_poll_then_reread,flood,2,40,7,cycle
diag:cycle,ho-hw-F-sameerror,hw_flood_same_error_retry,flood,1,25,7,cycle
diag:cycle,ho-hw-F-startdone3,hw_flood_startdone_3ids,flood,6,60,17,cycle
diag:cycle,ho-hw-L-poll60,hw_legit_poll_plateau60,legitimate,,61,7,cycle
diag:cycle,ho-hw-L-backoff-capped,hw_legit_backoff_capped_plateau,legitimate,,10,,
diag:cycle,ho-hw-L-tokenrefresh,hw_legit_token_refresh_retry,legitimate,,4,,
diag:cycle,ho-hw-L-dup-page,hw_legit_pagination_duplicate_page,legitimate,,6,,
diag:cycle,ho-hw-L-resample45,hw_legit_repeated_subcalls_fanout,legitimate,,45,8,cycle
diag:cycle,ho-hw-L-write-read,hw_legit_write_read_verify,legitimate,,4,,
diag:cycle,ho-hw-L-testrerun,hw_legit_test_rerun_stagnation,legitimate,,12,,
diag:cycle,ho-hw-L-noisypoll,hw_legit_noisy_poll,legitimate,,16,7,cycle
diag:cycle,ho-hw-L-fanout70,hw_legit_fanout70_distinct,legitimate,,70,,
diag:cycle,ho-hw-L-oneretry,hw_legit_single_retry,legitimate,,2,,
diag:cycle,ho-hw-L-search-doc,hw_legit_alternating_search_doc,legitimate,,24,,
diag:cycle,ho-hw-L-monitor4,hw_legit_monitor_4_services,legitimate,,28,11,cycle
diag:distinct_ratio,ho-F1-1000,F1_slow_drift_offset,flood,1,51,,
diag:distinct_ratio,ho-F1-1001,F1_slow_drift_offset,flood,1,79,,
diag:distinct_ratio,ho-F1-1002,F1_slow_drift_offset,flood,1,50,,
diag:distinct_ratio,ho-F1-1003,F1_slow_drift_offset,flood,1,61,,
diag:distinct_ratio,ho-F1-1004,F1_slow_drift_offset,flood,1,75,,
diag:distinct_ratio,ho-F1-1005,F1_slow_drift_offset,flood,1,59,,
diag:distinct_ratio,ho-F1-1006,F1_slow_drift_offset,flood,1,79,,
diag:distinct_ratio,ho-F1-1007,F1_slow_drift_offset,flood,1,71,,
diag:distinct_ratio,ho-F2-1000,F2_slow_drift_timestamp,flood,1,70,,
diag:distinct_ratio,ho-F2-1001,F2_slow_drift_timestamp,flood,1,53,,
diag:distinct_ratio,ho-F2-1002,F2_slow_drift_timestamp,flood,1,66,,
diag:distinct_ratio,ho-F2-1003,F2_slow_drift_timestamp,flood,1,56,,
diag:distinct_ratio,ho-F2-1004,F2_slow_drift_timestamp,flood,1,57,,
diag:distinct_ratio,ho-F2-1005,F2_slow_drift_timestamp,flood,1,53,,
diag:distinct_ratio,ho-F2-1006,F2_slow_drift_timestamp,flood,1,53,,
diag:distinct_ratio,ho-F2-1007,F2_slow_drift_timestamp,flood,1,68,,
diag:distinct_ratio,ho-F3-1000,F3_mixed_tool_lcm_cycle,flood,12,144,95,distinct_ratio
diag:distinct_ratio,ho-F3-1001,F3_mixed_tool_lcm_cycle,flood,12,144,95,distinct_ratio
diag:distinct_ratio,ho-F3-1002,F3_mixed_tool_lcm_cycle,flood,10,144,95,distinct_ratio
diag:distinct_ratio,ho-F3-1003,F3_mixed_tool_lcm_cycle,flood,12,144,95,distinct_ratio
diag:distinct_ratio,ho-F3-1004,F3_mixed_tool_lcm_cycle,flood,8,72,,
diag:distinct_ratio,ho-F3-1005,F3_mixed_tool_lcm_cycle,flood,8,72,,
diag:distinct_ratio,ho-F3-1006,F3_mixed_tool_lcm_cycle,flood,10,144,95,distinct_ratio
diag:distinct_ratio,ho-F3-1007,F3_mixed_tool_lcm_cycle,flood,10,144,95,distinct_ratio
diag:distinct_ratio,ho-F4-1000,F4_noisy_result_repeat,flood,1,47,,
diag:distinct_ratio,ho-F4-1001,F4_noisy_result_repeat,flood,1,49,,
diag:distinct_ratio,ho-F4-1002,F4_noisy_result_repeat,flood,1,37,,
diag:distinct_ratio,ho-F4-1003,F4_noisy_result_repeat,flood,1,41,,
diag:distinct_ratio,ho-F4-1004,F4_noisy_result_repeat,flood,1,39,,
diag:distinct_ratio,ho-F4-1005,F4_noisy_result_repeat,flood,1,38,,
diag:distinct_ratio,ho-F4-1006,F4_noisy_result_repeat,flood,1,48,,
diag:distinct_ratio,ho-F4-1007,F4_noisy_result_repeat,flood,1,35,,
diag:distinct_ratio,ho-F5-1000,F5_low_rate_with_heartbeat,flood,4,104,95,distinct_ratio
diag:distinct_ratio,ho-F5-1001,F5_low_rate_with_heartbeat,flood,4,108,95,distinct_ratio
diag:distinct_ratio,ho-F5-1002,F5_low_rate_with_heartbeat,flood,4,104,95,distinct_ratio
diag:distinct_ratio,ho-F5-1003,F5_low_rate_with_heartbeat,flood,4,108,95,distinct_ratio
diag:distinct_ratio,ho-F5-1004,F5_low_rate_with_heartbeat,flood,4,92,,
diag:distinct_ratio,ho-F5-1005,F5_low_rate_with_heartbeat,flood,4,104,95,distinct_ratio
diag:distinct_ratio,ho-F5-1006,F5_low_rate_with_heartbeat,flood,4,104,95,distinct_ratio
diag:distinct_ratio,ho-F5-1007,F5_low_rate_with_heartbeat,flood,4,88,,
diag:distinct_ratio,ho-F6-1000,F6_flood_after_legit_prefix,flood,27,117,95,distinct_ratio
diag:distinct_ratio,ho-F6-1001,F6_flood_after_legit_prefix,flood,29,115,95,distinct_ratio
diag:distinct_ratio,ho-F6-1002,F6_flood_after_legit_prefix,flood,32,118,95,distinct_ratio
diag:distinct_ratio,ho-F6-1003,F6_flood_after_legit_prefix,flood,29,119,95,distinct_ratio
diag:distinct_ratio,ho-F6-1004,F6_flood_after_legit_prefix,flood,28,126,95,distinct_ratio
diag:distinct_ratio,ho-F6-1005,F6_flood_after_legit_prefix,flood,28,130,95,distinct_ratio
diag:distinct_ratio,ho-F6-1006,F6_flood_after_legit_prefix,flood,28,116,95,distinct_ratio
diag:distinct_ratio,ho-F6-1007,F6_flood_after_legit_prefix,flood,29,124,95,distinct_ratio
diag:distinct_ratio,ho-F7-1000,F7_startdone_rotating_permuted_ids,flood,42,126,,
diag:distinct_ratio,ho-F7-1001,F7_startdone_rotating_permuted_ids,flood,38,114,95,distinct_ratio
diag:distinct_ratio,ho-F7-1002,F7_startdone_rotating_permuted_ids,flood,54,162,,
diag:distinct_ratio,ho-F7-1003,F7_startdone_rotating_permuted_ids,flood,42,126,,
diag:distinct_ratio,ho-F7-1004,F7_startdone_rotating_permuted_ids,flood,40,120,,
diag:distinct_ratio,ho-F7-1005,F7_startdone_rotating_permuted_ids,flood,38,114,95,distinct_ratio
diag:distinct_ratio,ho-F7-1006,F7_startdone_rotating_permuted_ids,flood,42,126,,
diag:distinct_ratio,ho-F7-1007,F7_startdone_rotating_permuted_ids,flood,46,138,,
diag:distinct_ratio,ho-F8-1000,F8_oscillating_edit_same_failure,flood,5,90,,
diag:distinct_ratio,ho-F8-1001,F8_oscillating_edit_same_failure,flood,5,60,,
diag:distinct_ratio,ho-F8-1002,F8_oscillating_edit_same_failure,flood,5,66,,
diag:distinct_ratio,ho-F8-1003,F8_oscillating_edit_same_failure,flood,5,76,,
diag:distinct_ratio,ho-F8-1004,F8_oscillating_edit_same_failure,flood,5,80,,
diag:distinct_ratio,ho-F8-1005,F8_oscillating_edit_same_failure,flood,5,60,,
diag:distinct_ratio,ho-F8-1006,F8_oscillating_edit_same_failure,flood,5,68,,
diag:distinct_ratio,ho-F8-1007,F8_oscillating_edit_same_failure,flood,5,88,,
diag:distinct_ratio,ho-F9-1000,F9_growing_batch_repeat,flood,12,105,95,distinct_ratio
diag:distinct_ratio,ho-F9-1001,F9_growing_batch_repeat,flood,10,91,,
diag:distinct_ratio,ho-F9-1002,F9_growing_batch_repeat,flood,12,105,95,distinct_ratio
diag:distinct_ratio,ho-F9-1003,F9_growing_batch_repeat,flood,11,116,95,distinct_ratio
diag:distinct_ratio,ho-F9-1004,F9_growing_batch_repeat,flood,8,77,,
diag:distinct_ratio,ho-F9-1005,F9_growing_batch_repeat,flood,14,119,95,distinct_ratio
diag:distinct_ratio,ho-F9-1006,F9_growing_batch_repeat,flood,9,117,95,distinct_ratio
diag:distinct_ratio,ho-F9-1007,F9_growing_batch_repeat,flood,9,117,95,distinct_ratio
diag:distinct_ratio,ho-L1-1000,L1_poll_long_plateau,legitimate,,23,,
diag:distinct_ratio,ho-L1-1001,L1_poll_long_plateau,legitimate,,25,,
diag:distinct_ratio,ho-L1-1002,L1_poll_long_plateau,legitimate,,32,,
diag:distinct_ratio,ho-L1-1003,L1_poll_long_plateau,legitimate,,30,,
diag:distinct_ratio,ho-L1-1004,L1_poll_long_plateau,legitimate,,15,,
diag:distinct_ratio,ho-L1-1005,L1_poll_long_plateau,legitimate,,41,,
diag:distinct_ratio,ho-L1-1006,L1_poll_long_plateau,legitimate,,25,,
diag:distinct_ratio,ho-L1-1007,L1_poll_long_plateau,legitimate,,45,,
diag:distinct_ratio,ho-L1-1008,L1_poll_long_plateau,legitimate,,32,,
diag:distinct_ratio,ho-L1-1009,L1_poll_long_plateau,legitimate,,37,,
diag:distinct_ratio,ho-L2-1000,L2_retries_backoff_refresh,legitimate,,8,,
diag:distinct_ratio,ho-L2-1001,L2_retries_backoff_refresh,legitimate,,6,,
diag:distinct_ratio,ho-L2-1002,L2_retries_backoff_refresh,legitimate,,9,,
diag:distinct_ratio,ho-L2-1003,L2_retries_backoff_refresh,legitimate,,9,,
diag:distinct_ratio,ho-L2-1004,L2_retries_backoff_refresh,legitimate,,10,,
diag:distinct_ratio,ho-L2-1005,L2_retries_backoff_refresh,legitimate,,10,,
diag:distinct_ratio,ho-L2-1006,L2_retries_backoff_refresh,legitimate,,8,,
diag:distinct_ratio,ho-L2-1007,L2_retries_backoff_refresh,legitimate,,7,,
diag:distinct_ratio,ho-L2-1008,L2_retries_backoff_refresh,legitimate,,10,,
diag:distinct_ratio,ho-L2-1009,L2_retries_backoff_refresh,legitimate,,7,,
diag:distinct_ratio,ho-L3-1000,L3_paginated_cursor_quirks,legitimate,,42,,
diag:distinct_ratio,ho-L3-1001,L3_paginated_cursor_quirks,legitimate,,32,,
diag:distinct_ratio,ho-L3-1002,L3_paginated_cursor_quirks,legitimate,,28,,
diag:distinct_ratio,ho-L3-1003,L3_paginated_cursor_quirks,legitimate,,39,,
diag:distinct_ratio,ho-L3-1004,L3_paginated_cursor_quirks,legitimate,,39,,
diag:distinct_ratio,ho-L3-1005,L3_paginated_cursor_quirks,legitimate,,32,,
diag:distinct_ratio,ho-L3-1006,L3_paginated_cursor_quirks,legitimate,,31,,
diag:distinct_ratio,ho-L3-1007,L3_paginated_cursor_quirks,legitimate,,32,,
diag:distinct_ratio,ho-L3-1008,L3_paginated_cursor_quirks,legitimate,,33,,
diag:distinct_ratio,ho-L3-1009,L3_paginated_cursor_quirks,legitimate,,41,,
diag:distinct_ratio,ho-L4-1000,L4_batch_fanout_repeated_subcalls,legitimate,,30,,
diag:distinct_ratio,ho-L4-1001,L4_batch_fanout_repeated_subcalls,legitimate,,30,,
diag:distinct_ratio,ho-L4-1002,L4_batch_fanout_repeated_subcalls,legitimate,,42,,
diag:distinct_ratio,ho-L4-1003,L4_batch_fanout_repeated_subcalls,legitimate,,30,,
diag:distinct_ratio,ho-L4-1004,L4_batch_fanout_repeated_subcalls,legitimate,,30,,
diag:distinct_ratio,ho-L4-1005,L4_batch_fanout_repeated_subcalls,legitimate,,36,,
diag:distinct_ratio,ho-L4-1006,L4_batch_fanout_repeated_subcalls,legitimate,,42,,
diag:distinct_ratio,ho-L4-1007,L4_batch_fanout_repeated_subcalls,legitimate,,42,,
diag:distinct_ratio,ho-L4-1008,L4_batch_fanout_repeated_subcalls,legitimate,,48,,
diag:distinct_ratio,ho-L4-1009,L4_batch_fanout_repeated_subcalls,legitimate,,42,,
diag:distinct_ratio,ho-L5-1000,L5_idempotent_reread_after_write,legitimate,,21,,
diag:distinct_ratio,ho-L5-1001,L5_idempotent_reread_after_write,legitimate,,30,,
diag:distinct_ratio,ho-L5-1002,L5_idempotent_reread_after_write,legitimate,,33,,
diag:distinct_ratio,ho-L5-1003,L5_idempotent_reread_after_write,legitimate,,21,,
diag:distinct_ratio,ho-L5-1004,L5_idempotent_reread_after_write,legitimate,,27,,
diag:distinct_ratio,ho-L5-1005,L5_idempotent_reread_after_write,legitimate,,24,,
diag:distinct_ratio,ho-L5-1006,L5_idempotent_reread_after_write,legitimate,,24,,
diag:distinct_ratio,ho-L5-1007,L5_idempotent_reread_after_write,legitimate,,30,,
diag:distinct_ratio,ho-L5-1008,L5_idempotent_reread_after_write,legitimate,,39,,
diag:distinct_ratio,ho-L5-1009,L5_idempotent_reread_after_write,legitimate,,18,,
diag:distinct_ratio,ho-L6-1000,L6_test_fix_rerun,legitimate,,27,,
diag:distinct_ratio,ho-L6-1001,L6_test_fix_rerun,legitimate,,36,,
diag:distinct_ratio,ho-L6-1002,L6_test_fix_rerun,legitimate,,42,,
diag:distinct_ratio,ho-L6-1003,L6_test_fix_rerun,legitimate,,33,,
diag:distinct_ratio,ho-L6-1004,L6_test_fix_rerun,legitimate,,45,,
diag:distinct_ratio,ho-L6-1005,L6_test_fix_rerun,legitimate,,42,,
diag:distinct_ratio,ho-L6-1006,L6_test_fix_rerun,legitimate,,30,,
diag:distinct_ratio,ho-L6-1007,L6_test_fix_rerun,legitimate,,33,,
diag:distinct_ratio,ho-L6-1008,L6_test_fix_rerun,legitimate,,39,,
diag:distinct_ratio,ho-L6-1009,L6_test_fix_rerun,legitimate,,33,,
diag:distinct_ratio,ho-L7-1000,L7_noisy_results_unchanged_state,legitimate,,23,,
diag:distinct_ratio,ho-L7-1001,L7_noisy_results_unchanged_state,legitimate,,9,,
diag:distinct_ratio,ho-L7-1002,L7_noisy_results_unchanged_state,legitimate,,19,,
diag:distinct_ratio,ho-L7-1003,L7_noisy_results_unchanged_state,legitimate,,18,,
diag:distinct_ratio,ho-L7-1004,L7_noisy_results_unchanged_state,legitimate,,14,,
diag:distinct_ratio,ho-L7-1005,L7_noisy_results_unchanged_state,legitimate,,13,,
diag:distinct_ratio,ho-L7-1006,L7_noisy_results_unchanged_state,legitimate,,25,,
diag:distinct_ratio,ho-L7-1007,L7_noisy_results_unchanged_state,legitimate,,19,,
diag:distinct_ratio,ho-L7-1008,L7_noisy_results_unchanged_state,legitimate,,11,,
diag:distinct_ratio,ho-L7-1009,L7_noisy_results_unchanged_state,legitimate,,15,,
diag:distinct_ratio,ho-L8-1000,L8_large_fanout_distinct,legitimate,,97,,
diag:distinct_ratio,ho-L8-1001,L8_large_fanout_distinct,legitimate,,61,,
diag:distinct_ratio,ho-L8-1002,L8_large_fanout_distinct,legitimate,,99,,
diag:distinct_ratio,ho-L8-1003,L8_large_fanout_distinct,legitimate,,35,,
diag:distinct_ratio,ho-L8-1004,L8_large_fanout_distinct,legitimate,,38,,
diag:distinct_ratio,ho-L8-1005,L8_large_fanout_distinct,legitimate,,52,,
diag:distinct_ratio,ho-L8-1006,L8_large_fanout_distinct,legitimate,,58,,
diag:distinct_ratio,ho-L8-1007,L8_large_fanout_distinct,legitimate,,73,,
diag:distinct_ratio,ho-L8-1008,L8_large_fanout_distinct,legitimate,,61,,
diag:distinct_ratio,ho-L8-1009,L8_large_fanout_distinct,legitimate,,27,,
diag:distinct_ratio,ho-L9-1000,L9_tree_crawl,legitimate,,37,,
diag:distinct_ratio,ho-L9-1001,L9_tree_crawl,legitimate,,28,,
diag:distinct_ratio,ho-L9-1002,L9_tree_crawl,legitimate,,35,,
diag:distinct_ratio,ho-L9-1003,L9_tree_crawl,legitimate,,44,,
diag:distinct_ratio,ho-L9-1004,L9_tree_crawl,legitimate,,44,,
diag:distinct_ratio,ho-L9-1005,L9_tree_crawl,legitimate,,58,,
diag:distinct_ratio,ho-L9-1006,L9_tree_crawl,legitimate,,30,,
diag:distinct_ratio,ho-L9-1007,L9_tree_crawl,legitimate,,30,,
diag:distinct_ratio,ho-L9-1008,L9_tree_crawl,legitimate,,54,,
diag:distinct_ratio,ho-L9-1009,L9_tree_crawl,legitimate,,44,,
diag:distinct_ratio,ho-L10-1000,L10_alternating_two_tool_distinct,legitimate,,54,,
diag:distinct_ratio,ho-L10-1001,L10_alternating_two_tool_distinct,legitimate,,74,,
diag:distinct_ratio,ho-L10-1002,L10_alternating_two_tool_distinct,legitimate,,40,,
diag:distinct_ratio,ho-L10-1003,L10_alternating_two_tool_distinct,legitimate,,88,,
diag:distinct_ratio,ho-L10-1004,L10_alternating_two_tool_distinct,legitimate,,84,,
diag:distinct_ratio,ho-L10-1005,L10_alternating_two_tool_distinct,legitimate,,42,,
diag:distinct_ratio,ho-L10-1006,L10_alternating_two_tool_distinct,legitimate,,42,,
diag:distinct_ratio,ho-L10-1007,L10_alternating_two_tool_distinct,legitimate,,46,,
diag:distinct_ratio,ho-L10-1008,L10_alternating_two_tool_distinct,legitimate,,66,,
diag:distinct_ratio,ho-L10-1009,L10_alternating_two_tool_distinct,legitimate,,74,,
diag:distinct_ratio,ho-L11-1000,L11_batch_polling_multi_job,legitimate,,60,,
diag:distinct_ratio,ho-L11-1001,L11_batch_polling_multi_job,legitimate,,36,,
diag:distinct_ratio,ho-L11-1002,L11_batch_polling_multi_job,legitimate,,40,,
diag:distinct_ratio,ho-L11-1003,L11_batch_polling_multi_job,legitimate,,48,,
diag:distinct_ratio,ho-L11-1004,L11_batch_polling_multi_job,legitimate,,40,,
diag:distinct_ratio,ho-L11-1005,L11_batch_polling_multi_job,legitimate,,54,,
diag:distinct_ratio,ho-L11-1006,L11_batch_polling_multi_job,legitimate,,40,,
diag:distinct_ratio,ho-L11-1007,L11_batch_polling_multi_job,legitimate,,60,,
diag:distinct_ratio,ho-L11-1008,L11_batch_polling_multi_job,legitimate,,48,,
diag:distinct_ratio,ho-L11-1009,L11_batch_polling_multi_job,legitimate,,60,,
diag:distinct_ratio,ho-hw-F-lcm3tool,hw_flood_3tool_cycle,flood,3,42,,
diag:distinct_ratio,ho-hw-F-oscillate,hw_flood_oscillating_edit,flood,5,60,,
diag:distinct_ratio,ho-hw-F-querycreep,hw_flood_query_creep,flood,1,40,,
diag:distinct_ratio,ho-hw-F-poll-reread,hw_flood_poll_then_reread,flood,2,40,,
diag:distinct_ratio,ho-hw-F-sameerror,hw_flood_same_error_retry,flood,1,25,,
diag:distinct_ratio,ho-hw-F-startdone3,hw_flood_startdone_3ids,flood,6,60,,
diag:distinct_ratio,ho-hw-L-poll60,hw_legit_poll_plateau60,legitimate,,61,,
diag:distinct_ratio,ho-hw-L-backoff-capped,hw_legit_backoff_capped_plateau,legitimate,,10,,
diag:distinct_ratio,ho-hw-L-tokenrefresh,hw_legit_token_refresh_retry,legitimate,,4,,
diag:distinct_ratio,ho-hw-L-dup-page,hw_legit_pagination_duplicate_page,legitimate,,6,,
diag:distinct_ratio,ho-hw-L-resample45,hw_legit_repeated_subcalls_fanout,legitimate,,45,,
diag:distinct_ratio,ho-hw-L-write-read,hw_legit_write_read_verify,legitimate,,4,,
diag:distinct_ratio,ho-hw-L-testrerun,hw_legit_test_rerun_stagnation,legitimate,,12,,
diag:distinct_ratio,ho-hw-L-noisypoll,hw_legit_noisy_poll,legitimate,,16,,
diag:distinct_ratio,ho-hw-L-fanout70,hw_legit_fanout70_distinct,legitimate,,70,,
diag:distinct_ratio,ho-hw-L-oneretry,hw_legit_single_retry,legitimate,,2,,
diag:distinct_ratio,ho-hw-L-search-doc,hw_legit_alternating_search_doc,legitimate,,24,,
diag:distinct_ratio,ho-hw-L-monitor4,hw_legit_monitor_4_services,legitimate,,28,,
diag:cross_turn,ho-F1-1000,F1_slow_drift_offset,flood,1,51,,
diag:cross_turn,ho-F1-1001,F1_slow_drift_offset,flood,1,79,,
diag:cross_turn,ho-F1-1002,F1_slow_drift_offset,flood,1,50,,
diag:cross_turn,ho-F1-1003,F1_slow_drift_offset,flood,1,61,,
diag:cross_turn,ho-F1-1004,F1_slow_drift_offset,flood,1,75,,
diag:cross_turn,ho-F1-1005,F1_slow_drift_offset,flood,1,59,,
diag:cross_turn,ho-F1-1006,F1_slow_drift_offset,flood,1,79,,
diag:cross_turn,ho-F1-1007,F1_slow_drift_offset,flood,1,71,,
diag:cross_turn,ho-F2-1000,F2_slow_drift_timestamp,flood,1,70,,
diag:cross_turn,ho-F2-1001,F2_slow_drift_timestamp,flood,1,53,,
diag:cross_turn,ho-F2-1002,F2_slow_drift_timestamp,flood,1,66,,
diag:cross_turn,ho-F2-1003,F2_slow_drift_timestamp,flood,1,56,,
diag:cross_turn,ho-F2-1004,F2_slow_drift_timestamp,flood,1,57,,
diag:cross_turn,ho-F2-1005,F2_slow_drift_timestamp,flood,1,53,,
diag:cross_turn,ho-F2-1006,F2_slow_drift_timestamp,flood,1,53,,
diag:cross_turn,ho-F2-1007,F2_slow_drift_timestamp,flood,1,68,,
diag:cross_turn,ho-F3-1000,F3_mixed_tool_lcm_cycle,flood,12,144,,
diag:cross_turn,ho-F3-1001,F3_mixed_tool_lcm_cycle,flood,12,144,,
diag:cross_turn,ho-F3-1002,F3_mixed_tool_lcm_cycle,flood,10,144,,
diag:cross_turn,ho-F3-1003,F3_mixed_tool_lcm_cycle,flood,12,144,,
diag:cross_turn,ho-F3-1004,F3_mixed_tool_lcm_cycle,flood,8,72,,
diag:cross_turn,ho-F3-1005,F3_mixed_tool_lcm_cycle,flood,8,72,,
diag:cross_turn,ho-F3-1006,F3_mixed_tool_lcm_cycle,flood,10,144,,
diag:cross_turn,ho-F3-1007,F3_mixed_tool_lcm_cycle,flood,10,144,,
diag:cross_turn,ho-F4-1000,F4_noisy_result_repeat,flood,1,47,,
diag:cross_turn,ho-F4-1001,F4_noisy_result_repeat,flood,1,49,,
diag:cross_turn,ho-F4-1002,F4_noisy_result_repeat,flood,1,37,,
diag:cross_turn,ho-F4-1003,F4_noisy_result_repeat,flood,1,41,,
diag:cross_turn,ho-F4-1004,F4_noisy_result_repeat,flood,1,39,,
diag:cross_turn,ho-F4-1005,F4_noisy_result_repeat,flood,1,38,,
diag:cross_turn,ho-F4-1006,F4_noisy_result_repeat,flood,1,48,,
diag:cross_turn,ho-F4-1007,F4_noisy_result_repeat,flood,1,35,,
diag:cross_turn,ho-F5-1000,F5_low_rate_with_heartbeat,flood,4,104,,
diag:cross_turn,ho-F5-1001,F5_low_rate_with_heartbeat,flood,4,108,,
diag:cross_turn,ho-F5-1002,F5_low_rate_with_heartbeat,flood,4,104,,
diag:cross_turn,ho-F5-1003,F5_low_rate_with_heartbeat,flood,4,108,,
diag:cross_turn,ho-F5-1004,F5_low_rate_with_heartbeat,flood,4,92,,
diag:cross_turn,ho-F5-1005,F5_low_rate_with_heartbeat,flood,4,104,,
diag:cross_turn,ho-F5-1006,F5_low_rate_with_heartbeat,flood,4,104,,
diag:cross_turn,ho-F5-1007,F5_low_rate_with_heartbeat,flood,4,88,,
diag:cross_turn,ho-F6-1000,F6_flood_after_legit_prefix,flood,27,117,,
diag:cross_turn,ho-F6-1001,F6_flood_after_legit_prefix,flood,29,115,,
diag:cross_turn,ho-F6-1002,F6_flood_after_legit_prefix,flood,32,118,,
diag:cross_turn,ho-F6-1003,F6_flood_after_legit_prefix,flood,29,119,,
diag:cross_turn,ho-F6-1004,F6_flood_after_legit_prefix,flood,28,126,,
diag:cross_turn,ho-F6-1005,F6_flood_after_legit_prefix,flood,28,130,,
diag:cross_turn,ho-F6-1006,F6_flood_after_legit_prefix,flood,28,116,,
diag:cross_turn,ho-F6-1007,F6_flood_after_legit_prefix,flood,29,124,,
diag:cross_turn,ho-F7-1000,F7_startdone_rotating_permuted_ids,flood,42,126,,
diag:cross_turn,ho-F7-1001,F7_startdone_rotating_permuted_ids,flood,38,114,,
diag:cross_turn,ho-F7-1002,F7_startdone_rotating_permuted_ids,flood,54,162,,
diag:cross_turn,ho-F7-1003,F7_startdone_rotating_permuted_ids,flood,42,126,,
diag:cross_turn,ho-F7-1004,F7_startdone_rotating_permuted_ids,flood,40,120,,
diag:cross_turn,ho-F7-1005,F7_startdone_rotating_permuted_ids,flood,38,114,,
diag:cross_turn,ho-F7-1006,F7_startdone_rotating_permuted_ids,flood,42,126,,
diag:cross_turn,ho-F7-1007,F7_startdone_rotating_permuted_ids,flood,46,138,,
diag:cross_turn,ho-F8-1000,F8_oscillating_edit_same_failure,flood,5,90,,
diag:cross_turn,ho-F8-1001,F8_oscillating_edit_same_failure,flood,5,60,,
diag:cross_turn,ho-F8-1002,F8_oscillating_edit_same_failure,flood,5,66,,
diag:cross_turn,ho-F8-1003,F8_oscillating_edit_same_failure,flood,5,76,,
diag:cross_turn,ho-F8-1004,F8_oscillating_edit_same_failure,flood,5,80,,
diag:cross_turn,ho-F8-1005,F8_oscillating_edit_same_failure,flood,5,60,,
diag:cross_turn,ho-F8-1006,F8_oscillating_edit_same_failure,flood,5,68,,
diag:cross_turn,ho-F8-1007,F8_oscillating_edit_same_failure,flood,5,88,,
diag:cross_turn,ho-F9-1000,F9_growing_batch_repeat,flood,12,105,38,cross_turn
diag:cross_turn,ho-F9-1001,F9_growing_batch_repeat,flood,10,91,32,cross_turn
diag:cross_turn,ho-F9-1002,F9_growing_batch_repeat,flood,12,105,38,cross_turn
diag:cross_turn,ho-F9-1003,F9_growing_batch_repeat,flood,11,116,35,cross_turn
diag:cross_turn,ho-F9-1004,F9_growing_batch_repeat,flood,8,77,37,cross_turn
diag:cross_turn,ho-F9-1005,F9_growing_batch_repeat,flood,14,119,44,cross_turn
diag:cross_turn,ho-F9-1006,F9_growing_batch_repeat,flood,9,117,29,cross_turn
diag:cross_turn,ho-F9-1007,F9_growing_batch_repeat,flood,9,117,29,cross_turn
diag:cross_turn,ho-L1-1000,L1_poll_long_plateau,legitimate,,23,,
diag:cross_turn,ho-L1-1001,L1_poll_long_plateau,legitimate,,25,,
diag:cross_turn,ho-L1-1002,L1_poll_long_plateau,legitimate,,32,,
diag:cross_turn,ho-L1-1003,L1_poll_long_plateau,legitimate,,30,,
diag:cross_turn,ho-L1-1004,L1_poll_long_plateau,legitimate,,15,,
diag:cross_turn,ho-L1-1005,L1_poll_long_plateau,legitimate,,41,,
diag:cross_turn,ho-L1-1006,L1_poll_long_plateau,legitimate,,25,,
diag:cross_turn,ho-L1-1007,L1_poll_long_plateau,legitimate,,45,,
diag:cross_turn,ho-L1-1008,L1_poll_long_plateau,legitimate,,32,,
diag:cross_turn,ho-L1-1009,L1_poll_long_plateau,legitimate,,37,,
diag:cross_turn,ho-L2-1000,L2_retries_backoff_refresh,legitimate,,8,,
diag:cross_turn,ho-L2-1001,L2_retries_backoff_refresh,legitimate,,6,,
diag:cross_turn,ho-L2-1002,L2_retries_backoff_refresh,legitimate,,9,,
diag:cross_turn,ho-L2-1003,L2_retries_backoff_refresh,legitimate,,9,,
diag:cross_turn,ho-L2-1004,L2_retries_backoff_refresh,legitimate,,10,,
diag:cross_turn,ho-L2-1005,L2_retries_backoff_refresh,legitimate,,10,,
diag:cross_turn,ho-L2-1006,L2_retries_backoff_refresh,legitimate,,8,,
diag:cross_turn,ho-L2-1007,L2_retries_backoff_refresh,legitimate,,7,,
diag:cross_turn,ho-L2-1008,L2_retries_backoff_refresh,legitimate,,10,,
diag:cross_turn,ho-L2-1009,L2_retries_backoff_refresh,legitimate,,7,,
diag:cross_turn,ho-L3-1000,L3_paginated_cursor_quirks,legitimate,,42,,
diag:cross_turn,ho-L3-1001,L3_paginated_cursor_quirks,legitimate,,32,,
diag:cross_turn,ho-L3-1002,L3_paginated_cursor_quirks,legitimate,,28,,
diag:cross_turn,ho-L3-1003,L3_paginated_cursor_quirks,legitimate,,39,,
diag:cross_turn,ho-L3-1004,L3_paginated_cursor_quirks,legitimate,,39,,
diag:cross_turn,ho-L3-1005,L3_paginated_cursor_quirks,legitimate,,32,,
diag:cross_turn,ho-L3-1006,L3_paginated_cursor_quirks,legitimate,,31,,
diag:cross_turn,ho-L3-1007,L3_paginated_cursor_quirks,legitimate,,32,,
diag:cross_turn,ho-L3-1008,L3_paginated_cursor_quirks,legitimate,,33,,
diag:cross_turn,ho-L3-1009,L3_paginated_cursor_quirks,legitimate,,41,,
diag:cross_turn,ho-L4-1000,L4_batch_fanout_repeated_subcalls,legitimate,,30,,
diag:cross_turn,ho-L4-1001,L4_batch_fanout_repeated_subcalls,legitimate,,30,,
diag:cross_turn,ho-L4-1002,L4_batch_fanout_repeated_subcalls,legitimate,,42,,
diag:cross_turn,ho-L4-1003,L4_batch_fanout_repeated_subcalls,legitimate,,30,,
diag:cross_turn,ho-L4-1004,L4_batch_fanout_repeated_subcalls,legitimate,,30,,
diag:cross_turn,ho-L4-1005,L4_batch_fanout_repeated_subcalls,legitimate,,36,,
diag:cross_turn,ho-L4-1006,L4_batch_fanout_repeated_subcalls,legitimate,,42,,
diag:cross_turn,ho-L4-1007,L4_batch_fanout_repeated_subcalls,legitimate,,42,,
diag:cross_turn,ho-L4-1008,L4_batch_fanout_repeated_subcalls,legitimate,,48,,
diag:cross_turn,ho-L4-1009,L4_batch_fanout_repeated_subcalls,legitimate,,42,,
diag:cross_turn,ho-L5-1000,L5_idempotent_reread_after_write,legitimate,,21,,
diag:cross_turn,ho-L5-1001,L5_idempotent_reread_after_write,legitimate,,30,,
diag:cross_turn,ho-L5-1002,L5_idempotent_reread_after_write,legitimate,,33,,
diag:cross_turn,ho-L5-1003,L5_idempotent_reread_after_write,legitimate,,21,,
diag:cross_turn,ho-L5-1004,L5_idempotent_reread_after_write,legitimate,,27,,
diag:cross_turn,ho-L5-1005,L5_idempotent_reread_after_write,legitimate,,24,,
diag:cross_turn,ho-L5-1006,L5_idempotent_reread_after_write,legitimate,,24,,
diag:cross_turn,ho-L5-1007,L5_idempotent_reread_after_write,legitimate,,30,,
diag:cross_turn,ho-L5-1008,L5_idempotent_reread_after_write,legitimate,,39,,
diag:cross_turn,ho-L5-1009,L5_idempotent_reread_after_write,legitimate,,18,,
diag:cross_turn,ho-L6-1000,L6_test_fix_rerun,legitimate,,27,,
diag:cross_turn,ho-L6-1001,L6_test_fix_rerun,legitimate,,36,,
diag:cross_turn,ho-L6-1002,L6_test_fix_rerun,legitimate,,42,,
diag:cross_turn,ho-L6-1003,L6_test_fix_rerun,legitimate,,33,,
diag:cross_turn,ho-L6-1004,L6_test_fix_rerun,legitimate,,45,,
diag:cross_turn,ho-L6-1005,L6_test_fix_rerun,legitimate,,42,,
diag:cross_turn,ho-L6-1006,L6_test_fix_rerun,legitimate,,30,,
diag:cross_turn,ho-L6-1007,L6_test_fix_rerun,legitimate,,33,,
diag:cross_turn,ho-L6-1008,L6_test_fix_rerun,legitimate,,39,,
diag:cross_turn,ho-L6-1009,L6_test_fix_rerun,legitimate,,33,,
diag:cross_turn,ho-L7-1000,L7_noisy_results_unchanged_state,legitimate,,23,,
diag:cross_turn,ho-L7-1001,L7_noisy_results_unchanged_state,legitimate,,9,,
diag:cross_turn,ho-L7-1002,L7_noisy_results_unchanged_state,legitimate,,19,,
diag:cross_turn,ho-L7-1003,L7_noisy_results_unchanged_state,legitimate,,18,,
diag:cross_turn,ho-L7-1004,L7_noisy_results_unchanged_state,legitimate,,14,,
diag:cross_turn,ho-L7-1005,L7_noisy_results_unchanged_state,legitimate,,13,,
diag:cross_turn,ho-L7-1006,L7_noisy_results_unchanged_state,legitimate,,25,,
diag:cross_turn,ho-L7-1007,L7_noisy_results_unchanged_state,legitimate,,19,,
diag:cross_turn,ho-L7-1008,L7_noisy_results_unchanged_state,legitimate,,11,,
diag:cross_turn,ho-L7-1009,L7_noisy_results_unchanged_state,legitimate,,15,,
diag:cross_turn,ho-L8-1000,L8_large_fanout_distinct,legitimate,,97,,
diag:cross_turn,ho-L8-1001,L8_large_fanout_distinct,legitimate,,61,,
diag:cross_turn,ho-L8-1002,L8_large_fanout_distinct,legitimate,,99,,
diag:cross_turn,ho-L8-1003,L8_large_fanout_distinct,legitimate,,35,,
diag:cross_turn,ho-L8-1004,L8_large_fanout_distinct,legitimate,,38,,
diag:cross_turn,ho-L8-1005,L8_large_fanout_distinct,legitimate,,52,,
diag:cross_turn,ho-L8-1006,L8_large_fanout_distinct,legitimate,,58,,
diag:cross_turn,ho-L8-1007,L8_large_fanout_distinct,legitimate,,73,,
diag:cross_turn,ho-L8-1008,L8_large_fanout_distinct,legitimate,,61,,
diag:cross_turn,ho-L8-1009,L8_large_fanout_distinct,legitimate,,27,,
diag:cross_turn,ho-L9-1000,L9_tree_crawl,legitimate,,37,,
diag:cross_turn,ho-L9-1001,L9_tree_crawl,legitimate,,28,,
diag:cross_turn,ho-L9-1002,L9_tree_crawl,legitimate,,35,,
diag:cross_turn,ho-L9-1003,L9_tree_crawl,legitimate,,44,,
diag:cross_turn,ho-L9-1004,L9_tree_crawl,legitimate,,44,,
diag:cross_turn,ho-L9-1005,L9_tree_crawl,legitimate,,58,,
diag:cross_turn,ho-L9-1006,L9_tree_crawl,legitimate,,30,,
diag:cross_turn,ho-L9-1007,L9_tree_crawl,legitimate,,30,,
diag:cross_turn,ho-L9-1008,L9_tree_crawl,legitimate,,54,,
diag:cross_turn,ho-L9-1009,L9_tree_crawl,legitimate,,44,,
diag:cross_turn,ho-L10-1000,L10_alternating_two_tool_distinct,legitimate,,54,,
diag:cross_turn,ho-L10-1001,L10_alternating_two_tool_distinct,legitimate,,74,,
diag:cross_turn,ho-L10-1002,L10_alternating_two_tool_distinct,legitimate,,40,,
diag:cross_turn,ho-L10-1003,L10_alternating_two_tool_distinct,legitimate,,88,,
diag:cross_turn,ho-L10-1004,L10_alternating_two_tool_distinct,legitimate,,84,,
diag:cross_turn,ho-L10-1005,L10_alternating_two_tool_distinct,legitimate,,42,,
diag:cross_turn,ho-L10-1006,L10_alternating_two_tool_distinct,legitimate,,42,,
diag:cross_turn,ho-L10-1007,L10_alternating_two_tool_distinct,legitimate,,46,,
diag:cross_turn,ho-L10-1008,L10_alternating_two_tool_distinct,legitimate,,66,,
diag:cross_turn,ho-L10-1009,L10_alternating_two_tool_distinct,legitimate,,74,,
diag:cross_turn,ho-L11-1000,L11_batch_polling_multi_job,legitimate,,60,17,cross_turn
diag:cross_turn,ho-L11-1001,L11_batch_polling_multi_job,legitimate,,36,11,cross_turn
diag:cross_turn,ho-L11-1002,L11_batch_polling_multi_job,legitimate,,40,11,cross_turn
diag:cross_turn,ho-L11-1003,L11_batch_polling_multi_job,legitimate,,48,17,cross_turn
diag:cross_turn,ho-L11-1004,L11_batch_polling_multi_job,legitimate,,40,11,cross_turn
diag:cross_turn,ho-L11-1005,L11_batch_polling_multi_job,legitimate,,54,17,cross_turn
diag:cross_turn,ho-L11-1006,L11_batch_polling_multi_job,legitimate,,40,11,cross_turn
diag:cross_turn,ho-L11-1007,L11_batch_polling_multi_job,legitimate,,60,17,cross_turn
diag:cross_turn,ho-L11-1008,L11_batch_polling_multi_job,legitimate,,48,17,cross_turn
diag:cross_turn,ho-L11-1009,L11_batch_polling_multi_job,legitimate,,60,17,cross_turn
diag:cross_turn,ho-hw-F-lcm3tool,hw_flood_3tool_cycle,flood,3,42,,
diag:cross_turn,ho-hw-F-oscillate,hw_flood_oscillating_edit,flood,5,60,,
diag:cross_turn,ho-hw-F-querycreep,hw_flood_query_creep,flood,1,40,,
diag:cross_turn,ho-hw-F-poll-reread,hw_flood_poll_then_reread,flood,2,40,,
diag:cross_turn,ho-hw-F-sameerror,hw_flood_same_error_retry,flood,1,25,,
diag:cross_turn,ho-hw-F-startdone3,hw_flood_startdone_3ids,flood,6,60,,
diag:cross_turn,ho-hw-L-poll60,hw_legit_poll_plateau60,legitimate,,61,,
diag:cross_turn,ho-hw-L-backoff-capped,hw_legit_backoff_capped_plateau,legitimate,,10,,
diag:cross_turn,ho-hw-L-tokenrefresh,hw_legit_token_refresh_retry,legitimate,,4,,
diag:cross_turn,ho-hw-L-dup-page,hw_legit_pagination_duplicate_page,legitimate,,6,,
diag:cross_turn,ho-hw-L-resample45,hw_legit_repeated_subcalls_fanout,legitimate,,45,,
diag:cross_turn,ho-hw-L-write-read,hw_legit_write_read_verify,legitimate,,4,,
diag:cross_turn,ho-hw-L-testrerun,hw_legit_test_rerun_stagnation,legitimate,,12,,
diag:cross_turn,ho-hw-L-noisypoll,hw_legit_noisy_poll,legitimate,,16,,
diag:cross_turn,ho-hw-L-fanout70,hw_legit_fanout70_distinct,legitimate,,70,,
diag:cross_turn,ho-hw-L-oneretry,hw_legit_single_retry,legitimate,,2,,
diag:cross_turn,ho-hw-L-search-doc,hw_legit_alternating_search_doc,legitimate,,24,,
diag:cross_turn,ho-hw-L-monitor4,hw_legit_monitor_4_services,legitimate,,28,11,cross_turn
diag:combined_raw,ho-F1-1000,F1_slow_drift_offset,flood,1,51,,
diag:combined_raw,ho-F1-1001,F1_slow_drift_offset,flood,1,79,,
diag:combined_raw,ho-F1-1002,F1_slow_drift_offset,flood,1,50,,
diag:combined_raw,ho-F1-1003,F1_slow_drift_offset,flood,1,61,,
diag:combined_raw,ho-F1-1004,F1_slow_drift_offset,flood,1,75,,
diag:combined_raw,ho-F1-1005,F1_slow_drift_offset,flood,1,59,,
diag:combined_raw,ho-F1-1006,F1_slow_drift_offset,flood,1,79,,
diag:combined_raw,ho-F1-1007,F1_slow_drift_offset,flood,1,71,,
diag:combined_raw,ho-F2-1000,F2_slow_drift_timestamp,flood,1,70,,
diag:combined_raw,ho-F2-1001,F2_slow_drift_timestamp,flood,1,53,,
diag:combined_raw,ho-F2-1002,F2_slow_drift_timestamp,flood,1,66,,
diag:combined_raw,ho-F2-1003,F2_slow_drift_timestamp,flood,1,56,,
diag:combined_raw,ho-F2-1004,F2_slow_drift_timestamp,flood,1,57,,
diag:combined_raw,ho-F2-1005,F2_slow_drift_timestamp,flood,1,53,,
diag:combined_raw,ho-F2-1006,F2_slow_drift_timestamp,flood,1,53,,
diag:combined_raw,ho-F2-1007,F2_slow_drift_timestamp,flood,1,68,,
diag:combined_raw,ho-F3-1000,F3_mixed_tool_lcm_cycle,flood,12,144,95,combined_raw
diag:combined_raw,ho-F3-1001,F3_mixed_tool_lcm_cycle,flood,12,144,95,combined_raw
diag:combined_raw,ho-F3-1002,F3_mixed_tool_lcm_cycle,flood,10,144,58,combined_raw
diag:combined_raw,ho-F3-1003,F3_mixed_tool_lcm_cycle,flood,12,144,95,combined_raw
diag:combined_raw,ho-F3-1004,F3_mixed_tool_lcm_cycle,flood,8,72,56,combined_raw
diag:combined_raw,ho-F3-1005,F3_mixed_tool_lcm_cycle,flood,8,72,56,combined_raw
diag:combined_raw,ho-F3-1006,F3_mixed_tool_lcm_cycle,flood,10,144,58,combined_raw
diag:combined_raw,ho-F3-1007,F3_mixed_tool_lcm_cycle,flood,10,144,58,combined_raw
diag:combined_raw,ho-F4-1000,F4_noisy_result_repeat,flood,1,47,7,combined_raw
diag:combined_raw,ho-F4-1001,F4_noisy_result_repeat,flood,1,49,7,combined_raw
diag:combined_raw,ho-F4-1002,F4_noisy_result_repeat,flood,1,37,7,combined_raw
diag:combined_raw,ho-F4-1003,F4_noisy_result_repeat,flood,1,41,7,combined_raw
diag:combined_raw,ho-F4-1004,F4_noisy_result_repeat,flood,1,39,7,combined_raw
diag:combined_raw,ho-F4-1005,F4_noisy_result_repeat,flood,1,38,7,combined_raw
diag:combined_raw,ho-F4-1006,F4_noisy_result_repeat,flood,1,48,7,combined_raw
diag:combined_raw,ho-F4-1007,F4_noisy_result_repeat,flood,1,35,7,combined_raw
diag:combined_raw,ho-F5-1000,F5_low_rate_with_heartbeat,flood,4,104,28,combined_raw
diag:combined_raw,ho-F5-1001,F5_low_rate_with_heartbeat,flood,4,108,28,combined_raw
diag:combined_raw,ho-F5-1002,F5_low_rate_with_heartbeat,flood,4,104,28,combined_raw
diag:combined_raw,ho-F5-1003,F5_low_rate_with_heartbeat,flood,4,108,28,combined_raw
diag:combined_raw,ho-F5-1004,F5_low_rate_with_heartbeat,flood,4,92,28,combined_raw
diag:combined_raw,ho-F5-1005,F5_low_rate_with_heartbeat,flood,4,104,28,combined_raw
diag:combined_raw,ho-F5-1006,F5_low_rate_with_heartbeat,flood,4,104,28,combined_raw
diag:combined_raw,ho-F5-1007,F5_low_rate_with_heartbeat,flood,4,88,28,combined_raw
diag:combined_raw,ho-F6-1000,F6_flood_after_legit_prefix,flood,27,117,40,combined_raw
diag:combined_raw,ho-F6-1001,F6_flood_after_legit_prefix,flood,29,115,42,combined_raw
diag:combined_raw,ho-F6-1002,F6_flood_after_legit_prefix,flood,32,118,49,combined_raw
diag:combined_raw,ho-F6-1003,F6_flood_after_legit_prefix,flood,29,119,40,combined_raw
diag:combined_raw,ho-F6-1004,F6_flood_after_legit_prefix,flood,28,126,43,combined_raw
diag:combined_raw,ho-F6-1005,F6_flood_after_legit_prefix,flood,28,130,41,combined_raw
diag:combined_raw,ho-F6-1006,F6_flood_after_legit_prefix,flood,28,116,45,combined_raw
diag:combined_raw,ho-F6-1007,F6_flood_after_legit_prefix,flood,29,124,46,combined_raw
diag:combined_raw,ho-F7-1000,F7_startdone_rotating_permuted_ids,flood,42,126,,
diag:combined_raw,ho-F7-1001,F7_startdone_rotating_permuted_ids,flood,38,114,95,combined_raw
diag:combined_raw,ho-F7-1002,F7_startdone_rotating_permuted_ids,flood,54,162,,
diag:combined_raw,ho-F7-1003,F7_startdone_rotating_permuted_ids,flood,42,126,,
diag:combined_raw,ho-F7-1004,F7_startdone_rotating_permuted_ids,flood,40,120,,
diag:combined_raw,ho-F7-1005,F7_startdone_rotating_permuted_ids,flood,38,114,95,combined_raw
diag:combined_raw,ho-F7-1006,F7_startdone_rotating_permuted_ids,flood,42,126,,
diag:combined_raw,ho-F7-1007,F7_startdone_rotating_permuted_ids,flood,46,138,,
diag:combined_raw,ho-F8-1000,F8_oscillating_edit_same_failure,flood,5,90,11,combined_raw
diag:combined_raw,ho-F8-1001,F8_oscillating_edit_same_failure,flood,5,60,11,combined_raw
diag:combined_raw,ho-F8-1002,F8_oscillating_edit_same_failure,flood,5,66,11,combined_raw
diag:combined_raw,ho-F8-1003,F8_oscillating_edit_same_failure,flood,5,76,11,combined_raw
diag:combined_raw,ho-F8-1004,F8_oscillating_edit_same_failure,flood,5,80,11,combined_raw
diag:combined_raw,ho-F8-1005,F8_oscillating_edit_same_failure,flood,5,60,11,combined_raw
diag:combined_raw,ho-F8-1006,F8_oscillating_edit_same_failure,flood,5,68,11,combined_raw
diag:combined_raw,ho-F8-1007,F8_oscillating_edit_same_failure,flood,5,88,11,combined_raw
diag:combined_raw,ho-F9-1000,F9_growing_batch_repeat,flood,12,105,38,combined_raw
diag:combined_raw,ho-F9-1001,F9_growing_batch_repeat,flood,10,91,32,combined_raw
diag:combined_raw,ho-F9-1002,F9_growing_batch_repeat,flood,12,105,38,combined_raw
diag:combined_raw,ho-F9-1003,F9_growing_batch_repeat,flood,11,116,35,combined_raw
diag:combined_raw,ho-F9-1004,F9_growing_batch_repeat,flood,8,77,37,combined_raw
diag:combined_raw,ho-F9-1005,F9_growing_batch_repeat,flood,14,119,44,combined_raw
diag:combined_raw,ho-F9-1006,F9_growing_batch_repeat,flood,9,117,29,combined_raw
diag:combined_raw,ho-F9-1007,F9_growing_batch_repeat,flood,9,117,29,combined_raw
diag:combined_raw,ho-L1-1000,L1_poll_long_plateau,legitimate,,23,7,combined_raw
diag:combined_raw,ho-L1-1001,L1_poll_long_plateau,legitimate,,25,7,combined_raw
diag:combined_raw,ho-L1-1002,L1_poll_long_plateau,legitimate,,32,7,combined_raw
diag:combined_raw,ho-L1-1003,L1_poll_long_plateau,legitimate,,30,7,combined_raw
diag:combined_raw,ho-L1-1004,L1_poll_long_plateau,legitimate,,15,7,combined_raw
diag:combined_raw,ho-L1-1005,L1_poll_long_plateau,legitimate,,41,7,combined_raw
diag:combined_raw,ho-L1-1006,L1_poll_long_plateau,legitimate,,25,7,combined_raw
diag:combined_raw,ho-L1-1007,L1_poll_long_plateau,legitimate,,45,7,combined_raw
diag:combined_raw,ho-L1-1008,L1_poll_long_plateau,legitimate,,32,7,combined_raw
diag:combined_raw,ho-L1-1009,L1_poll_long_plateau,legitimate,,37,7,combined_raw
diag:combined_raw,ho-L2-1000,L2_retries_backoff_refresh,legitimate,,8,,
diag:combined_raw,ho-L2-1001,L2_retries_backoff_refresh,legitimate,,6,,
diag:combined_raw,ho-L2-1002,L2_retries_backoff_refresh,legitimate,,9,,
diag:combined_raw,ho-L2-1003,L2_retries_backoff_refresh,legitimate,,9,,
diag:combined_raw,ho-L2-1004,L2_retries_backoff_refresh,legitimate,,10,,
diag:combined_raw,ho-L2-1005,L2_retries_backoff_refresh,legitimate,,10,,
diag:combined_raw,ho-L2-1006,L2_retries_backoff_refresh,legitimate,,8,,
diag:combined_raw,ho-L2-1007,L2_retries_backoff_refresh,legitimate,,7,,
diag:combined_raw,ho-L2-1008,L2_retries_backoff_refresh,legitimate,,10,,
diag:combined_raw,ho-L2-1009,L2_retries_backoff_refresh,legitimate,,7,,
diag:combined_raw,ho-L3-1000,L3_paginated_cursor_quirks,legitimate,,42,,
diag:combined_raw,ho-L3-1001,L3_paginated_cursor_quirks,legitimate,,32,,
diag:combined_raw,ho-L3-1002,L3_paginated_cursor_quirks,legitimate,,28,,
diag:combined_raw,ho-L3-1003,L3_paginated_cursor_quirks,legitimate,,39,,
diag:combined_raw,ho-L3-1004,L3_paginated_cursor_quirks,legitimate,,39,,
diag:combined_raw,ho-L3-1005,L3_paginated_cursor_quirks,legitimate,,32,,
diag:combined_raw,ho-L3-1006,L3_paginated_cursor_quirks,legitimate,,31,,
diag:combined_raw,ho-L3-1007,L3_paginated_cursor_quirks,legitimate,,32,,
diag:combined_raw,ho-L3-1008,L3_paginated_cursor_quirks,legitimate,,33,,
diag:combined_raw,ho-L3-1009,L3_paginated_cursor_quirks,legitimate,,41,,
diag:combined_raw,ho-L4-1000,L4_batch_fanout_repeated_subcalls,legitimate,,30,17,combined_raw
diag:combined_raw,ho-L4-1001,L4_batch_fanout_repeated_subcalls,legitimate,,30,17,combined_raw
diag:combined_raw,ho-L4-1002,L4_batch_fanout_repeated_subcalls,legitimate,,42,17,combined_raw
diag:combined_raw,ho-L4-1003,L4_batch_fanout_repeated_subcalls,legitimate,,30,17,combined_raw
diag:combined_raw,ho-L4-1004,L4_batch_fanout_repeated_subcalls,legitimate,,30,17,combined_raw
diag:combined_raw,ho-L4-1005,L4_batch_fanout_repeated_subcalls,legitimate,,36,17,combined_raw
diag:combined_raw,ho-L4-1006,L4_batch_fanout_repeated_subcalls,legitimate,,42,17,combined_raw
diag:combined_raw,ho-L4-1007,L4_batch_fanout_repeated_subcalls,legitimate,,42,17,combined_raw
diag:combined_raw,ho-L4-1008,L4_batch_fanout_repeated_subcalls,legitimate,,48,17,combined_raw
diag:combined_raw,ho-L4-1009,L4_batch_fanout_repeated_subcalls,legitimate,,42,17,combined_raw
diag:combined_raw,ho-L5-1000,L5_idempotent_reread_after_write,legitimate,,21,,
diag:combined_raw,ho-L5-1001,L5_idempotent_reread_after_write,legitimate,,30,29,combined_raw
diag:combined_raw,ho-L5-1002,L5_idempotent_reread_after_write,legitimate,,33,29,combined_raw
diag:combined_raw,ho-L5-1003,L5_idempotent_reread_after_write,legitimate,,21,20,combined_raw
diag:combined_raw,ho-L5-1004,L5_idempotent_reread_after_write,legitimate,,27,,
diag:combined_raw,ho-L5-1005,L5_idempotent_reread_after_write,legitimate,,24,,
diag:combined_raw,ho-L5-1006,L5_idempotent_reread_after_write,legitimate,,24,20,combined_raw
diag:combined_raw,ho-L5-1007,L5_idempotent_reread_after_write,legitimate,,30,29,combined_raw
diag:combined_raw,ho-L5-1008,L5_idempotent_reread_after_write,legitimate,,39,20,combined_raw
diag:combined_raw,ho-L5-1009,L5_idempotent_reread_after_write,legitimate,,18,,
diag:combined_raw,ho-L6-1000,L6_test_fix_rerun,legitimate,,27,21,combined_raw
diag:combined_raw,ho-L6-1001,L6_test_fix_rerun,legitimate,,36,21,combined_raw
diag:combined_raw,ho-L6-1002,L6_test_fix_rerun,legitimate,,42,21,combined_raw
diag:combined_raw,ho-L6-1003,L6_test_fix_rerun,legitimate,,33,21,combined_raw
diag:combined_raw,ho-L6-1004,L6_test_fix_rerun,legitimate,,45,21,combined_raw
diag:combined_raw,ho-L6-1005,L6_test_fix_rerun,legitimate,,42,21,combined_raw
diag:combined_raw,ho-L6-1006,L6_test_fix_rerun,legitimate,,30,21,combined_raw
diag:combined_raw,ho-L6-1007,L6_test_fix_rerun,legitimate,,33,21,combined_raw
diag:combined_raw,ho-L6-1008,L6_test_fix_rerun,legitimate,,39,21,combined_raw
diag:combined_raw,ho-L6-1009,L6_test_fix_rerun,legitimate,,33,21,combined_raw
diag:combined_raw,ho-L7-1000,L7_noisy_results_unchanged_state,legitimate,,23,7,combined_raw
diag:combined_raw,ho-L7-1001,L7_noisy_results_unchanged_state,legitimate,,9,7,combined_raw
diag:combined_raw,ho-L7-1002,L7_noisy_results_unchanged_state,legitimate,,19,7,combined_raw
diag:combined_raw,ho-L7-1003,L7_noisy_results_unchanged_state,legitimate,,18,7,combined_raw
diag:combined_raw,ho-L7-1004,L7_noisy_results_unchanged_state,legitimate,,14,7,combined_raw
diag:combined_raw,ho-L7-1005,L7_noisy_results_unchanged_state,legitimate,,13,7,combined_raw
diag:combined_raw,ho-L7-1006,L7_noisy_results_unchanged_state,legitimate,,25,7,combined_raw
diag:combined_raw,ho-L7-1007,L7_noisy_results_unchanged_state,legitimate,,19,7,combined_raw
diag:combined_raw,ho-L7-1008,L7_noisy_results_unchanged_state,legitimate,,11,7,combined_raw
diag:combined_raw,ho-L7-1009,L7_noisy_results_unchanged_state,legitimate,,15,7,combined_raw
diag:combined_raw,ho-L8-1000,L8_large_fanout_distinct,legitimate,,97,,
diag:combined_raw,ho-L8-1001,L8_large_fanout_distinct,legitimate,,61,,
diag:combined_raw,ho-L8-1002,L8_large_fanout_distinct,legitimate,,99,,
diag:combined_raw,ho-L8-1003,L8_large_fanout_distinct,legitimate,,35,,
diag:combined_raw,ho-L8-1004,L8_large_fanout_distinct,legitimate,,38,,
diag:combined_raw,ho-L8-1005,L8_large_fanout_distinct,legitimate,,52,,
diag:combined_raw,ho-L8-1006,L8_large_fanout_distinct,legitimate,,58,,
diag:combined_raw,ho-L8-1007,L8_large_fanout_distinct,legitimate,,73,,
diag:combined_raw,ho-L8-1008,L8_large_fanout_distinct,legitimate,,61,,
diag:combined_raw,ho-L8-1009,L8_large_fanout_distinct,legitimate,,27,,
diag:combined_raw,ho-L9-1000,L9_tree_crawl,legitimate,,37,,
diag:combined_raw,ho-L9-1001,L9_tree_crawl,legitimate,,28,,
diag:combined_raw,ho-L9-1002,L9_tree_crawl,legitimate,,35,,
diag:combined_raw,ho-L9-1003,L9_tree_crawl,legitimate,,44,,
diag:combined_raw,ho-L9-1004,L9_tree_crawl,legitimate,,44,,
diag:combined_raw,ho-L9-1005,L9_tree_crawl,legitimate,,58,,
diag:combined_raw,ho-L9-1006,L9_tree_crawl,legitimate,,30,,
diag:combined_raw,ho-L9-1007,L9_tree_crawl,legitimate,,30,,
diag:combined_raw,ho-L9-1008,L9_tree_crawl,legitimate,,54,,
diag:combined_raw,ho-L9-1009,L9_tree_crawl,legitimate,,44,,
diag:combined_raw,ho-L10-1000,L10_alternating_two_tool_distinct,legitimate,,54,,
diag:combined_raw,ho-L10-1001,L10_alternating_two_tool_distinct,legitimate,,74,,
diag:combined_raw,ho-L10-1002,L10_alternating_two_tool_distinct,legitimate,,40,,
diag:combined_raw,ho-L10-1003,L10_alternating_two_tool_distinct,legitimate,,88,,
diag:combined_raw,ho-L10-1004,L10_alternating_two_tool_distinct,legitimate,,84,,
diag:combined_raw,ho-L10-1005,L10_alternating_two_tool_distinct,legitimate,,42,,
diag:combined_raw,ho-L10-1006,L10_alternating_two_tool_distinct,legitimate,,42,,
diag:combined_raw,ho-L10-1007,L10_alternating_two_tool_distinct,legitimate,,46,,
diag:combined_raw,ho-L10-1008,L10_alternating_two_tool_distinct,legitimate,,66,,
diag:combined_raw,ho-L10-1009,L10_alternating_two_tool_distinct,legitimate,,74,,
diag:combined_raw,ho-L11-1000,L11_batch_polling_multi_job,legitimate,,60,17,combined_raw
diag:combined_raw,ho-L11-1001,L11_batch_polling_multi_job,legitimate,,36,11,combined_raw
diag:combined_raw,ho-L11-1002,L11_batch_polling_multi_job,legitimate,,40,11,combined_raw
diag:combined_raw,ho-L11-1003,L11_batch_polling_multi_job,legitimate,,48,17,combined_raw
diag:combined_raw,ho-L11-1004,L11_batch_polling_multi_job,legitimate,,40,11,combined_raw
diag:combined_raw,ho-L11-1005,L11_batch_polling_multi_job,legitimate,,54,17,combined_raw
diag:combined_raw,ho-L11-1006,L11_batch_polling_multi_job,legitimate,,40,11,combined_raw
diag:combined_raw,ho-L11-1007,L11_batch_polling_multi_job,legitimate,,60,17,combined_raw
diag:combined_raw,ho-L11-1008,L11_batch_polling_multi_job,legitimate,,48,17,combined_raw
diag:combined_raw,ho-L11-1009,L11_batch_polling_multi_job,legitimate,,60,17,combined_raw
diag:combined_raw,ho-hw-F-lcm3tool,hw_flood_3tool_cycle,flood,3,42,8,combined_raw
diag:combined_raw,ho-hw-F-oscillate,hw_flood_oscillating_edit,flood,5,60,11,combined_raw
diag:combined_raw,ho-hw-F-querycreep,hw_flood_query_creep,flood,1,40,37,combined_raw
diag:combined_raw,ho-hw-F-poll-reread,hw_flood_poll_then_reread,flood,2,40,7,combined_raw
diag:combined_raw,ho-hw-F-sameerror,hw_flood_same_error_retry,flood,1,25,7,combined_raw
diag:combined_raw,ho-hw-F-startdone3,hw_flood_startdone_3ids,flood,6,60,17,combined_raw
diag:combined_raw,ho-hw-L-poll60,hw_legit_poll_plateau60,legitimate,,61,7,combined_raw
diag:combined_raw,ho-hw-L-backoff-capped,hw_legit_backoff_capped_plateau,legitimate,,10,,
diag:combined_raw,ho-hw-L-tokenrefresh,hw_legit_token_refresh_retry,legitimate,,4,,
diag:combined_raw,ho-hw-L-dup-page,hw_legit_pagination_duplicate_page,legitimate,,6,,
diag:combined_raw,ho-hw-L-resample45,hw_legit_repeated_subcalls_fanout,legitimate,,45,8,combined_raw
diag:combined_raw,ho-hw-L-write-read,hw_legit_write_read_verify,legitimate,,4,,
diag:combined_raw,ho-hw-L-testrerun,hw_legit_test_rerun_stagnation,legitimate,,12,,
diag:combined_raw,ho-hw-L-noisypoll,hw_legit_noisy_poll,legitimate,,16,7,combined_raw
diag:combined_raw,ho-hw-L-fanout70,hw_legit_fanout70_distinct,legitimate,,70,,
diag:combined_raw,ho-hw-L-oneretry,hw_legit_single_retry,legitimate,,2,,
diag:combined_raw,ho-hw-L-search-doc,hw_legit_alternating_search_doc,legitimate,,24,,
diag:combined_raw,ho-hw-L-monitor4,hw_legit_monitor_4_services,legitimate,,28,11,combined_raw
